Dado A,Dado B,Dado C
Thomas da Paz,4402724229978490,21 6414 0292
Rodrigo Pinto,Android 2.1,Bartender
Yuri Almeida,3568996207516870,+55 71 1374-6449
Agatha Cardoso,4913173049293970610,0800-090-6969
Dr. Diogo Ramos,38648952844670,(051) 1073 5222
Maria Vitória Barbosa,4911645561066269,+55 (081) 7128 3833
Maria Costela,Android 2.3.7,Carpinteiro
Luiz Gustavo Vieira,Android 2.3.3,Profissional de educação física
Bernardo Rodrigues,Android 2.3.7,Estofador
Bruno Jesus,Android 3.0,Imunologista
Evelyn da Mata,Android 2.0.1,Camelô
Noah Araújo,Android 9,Sonoplasta
Srta. Amanda Farias,Android 2.2.3,Despachante
Miguel Porto,Android 3.2.3,Psiquiatra
Vicente da Conceição,6571144756346427,+55 51 7618 4092
Leonardo Barbosa,30208096543700,+55 71 8770 6147
Maria Barbosa,Android 4.1.2,Leiteiro
Ana Lívia Pires,Android 7.1.1,Cientista
Bárbara Fernandes,Android 8.0.0,Profissional de relações públicas
Larissa da Conceição,Android 3.2.6,Assistente de direção
Maria da Conceição,Android 7.1.2,Gestor público
Bruno Mendes,Android 2.3.1,Artista de circo
Dr. Luiz Fernando Dias,Android 4.0.1,Médico geneticista
Dr. Pedro Lucas Araújo,213171359912799,+55 84 3042 5838
Larissa Cunha,Android 2.0,Pedagogo
Yago Lima,Android 2.3.7,Secretária
Dra. Maria Sophia Caldeira,6550234945474647,51 1253 8626
Eloah Silva,Android 4.3,Barbeiro
Sophie Lima,4876252046857900,41 9387 2439
Davi Luiz Barbosa,Android 5.0.2,Massagista
Srta. Helena Caldeira,3528989596139148,51 7527 3573
João Miguel Rodrigues,4101456540915950,0800-767-7415
Sr. Guilherme Ramos,Android 2.3.3,Farmacêutico
Dr. Luiz Fernando Fernandes,576199767806,+55 71 9406-6339
Davi Lucas Nunes,Android 4.4.2,Educador integrado à saúde pública
Ana Laura Silva,2309015480922428,(084) 6202-4607
Isabel das Neves,4945139607586662,+55 (071) 0011-9293
Dra. Maria Eduarda Carvalho,4340224368544,(041) 7083-4185
Emanuelly Gomes,347323876765403,81 2102-9055
Renan Oliveira,3549514193507599,+55 84 4154 9530
Ana Julia Silva,Android 2.3.7,Comandante
Vinicius Almeida,4955887771920136,+55 41 6274-1729
Dra. Maria Cecília Jesus,Android 4.2,Dermatologista
Daniel Dias,4498713641280074783,11 7540-6156
Luana Farias,4704877612575484048,0800 055 4628
Levi Peixoto,Android 10,Regente
Sra. Milena Pinto,180098045497860,51 0175 3571
João Rezende,4908516840727820,+55 41 1229-1450
Sr. Leandro Moraes,060483873190,+55 (081) 6762 9372
Enzo Gabriel Nogueira,4791577984867,+55 (031) 3250 1253
Gabriela Santos,2320380699012360,51 4623 2695
Sr. Eduardo Monteiro,Android 2.3.5,Vereador
Dr. Vitor Hugo Pires,4766812708163948,+55 51 0433 2899
Erick Moreira,4407543357258,81 1349-7521
Nina Almeida,373403125894555,+55 81 0860 8495
Kevin Costela,Android 4.2,Xilógrafo
Maitê da Mata,Android 1.0,Investigador particular
Vitor Hugo Rezende,Android 3.2.3,Projetista mecânico
Luiz Fernando Carvalho,Android 8.0.0,Promotor de vendas
Nicolas da Mata,Android 5.1,Secretária
Henrique Duarte,213137654485013,41 0499 4780
Sr. Paulo da Conceição,Android 7.1,Produtor musical
Caio Jesus,5450655637434387,0900 981 6905
Ana Lívia da Mota,Android 4.0.4,Contatólogo
Sr. Erick Carvalho,Android 3.1,Trompetista
João Guilherme Mendes,4808060917910044,81 0998-7412
Giovanna Aragão,Android 3.2.5,Portuário
Nathan Dias,4108026612766350,+55 51 8328 9813
Thales Fernandes,3569855274129976,+55 (061) 3328 9115
Sra. Emanuella Nunes,348689966729817,+55 (051) 1295 6720
Isaac Campos,Android 10,Geólogo
Dr. Isaac Moraes,30495518665951,61 4001-3877
Gustavo Henrique Gomes,30125715964028,61 8008 9212
Evelyn Araújo,Android 4.3.1,Designer de produto ou desenhista industrial
João Pedro da Cunha,4433458097329007654,(084) 3923 8690
Juan Gonçalves,4264747634887,(081) 4910 8731
Camila Mendes,3568283639246958,31 1710 1786
Isabella Farias,Android 11,Retificador
Francisco Cunha,Android 5.0.1,Confeiteiro
Dr. Nicolas das Neves,180067334716124,+55 (051) 3518 0608
Maria da Mata,Android 2.3.7,Ministro
Evelyn da Rosa,Android 5.0.2,Tecnólogo em papel e celulose
Henrique Viana,573470752391,+55 61 6729-7349
Caroline Cardoso,Android 9,Pianista
Nina Campos,Android 4.4.2,Notário
Dr. João Rocha,180054161792956,+55 (041) 4226-6613
Diogo da Paz,Android 3.2.5,Assessor de imprensa
Sra. Marina Nascimento,Android 2.3.2,Médico geneticista
Nicolas Aragão,3567751828870714,(084) 0950 9910
Matheus da Rocha,Android 2.3.4,Transcritor
Paulo Jesus,Android 1.5,Promotor público/de justiça
Gabrielly Viana,3560960731392305,0300-696-9266
Sr. Luiz Otávio Pinto,344371130543648,+55 71 5496-9469
Pedro Henrique Ribeiro,Android 4.0.3,Profissional de efeitos especiais
Diego Gomes,5274519440151766,+55 81 6247-9932
Lucca Monteiro,4417704885820163,+55 41 8282 0658
Kaique Nascimento,Android 1.0,Levantador de peso
Sr. Danilo da Costa,4614163522978102762,+55 (084) 9138 7471
Lívia Mendes,4065765509278885,+55 71 9060-3777
Anthony Barros,2246675134477321,(071) 6455 1527
Ana Sophia Moura,676277861040,+55 41 3840-5156
Enzo Costa,Android 1.0,Webmaster
Dr. Thales da Rosa,4110975315995003,+55 (041) 4208 1725
Srta. Melissa Campos,4505083589691,+55 (021) 1830 3260
Sabrina Azevedo,Android 1.5,Odontologista preventivo e social
Dr. Marcelo Jesus,4694580732580,+55 84 9751-2567
Luiz Fernando Ribeiro,4774906909346177,+55 21 1676 8732
Kaique Ferreira,3519721186401682,+55 11 0071 6121
Maria Luiza Pereira,503881213121,+55 81 3026-4856
Mirella Almeida,4471350614682418,81 3098-1210
Emilly Souza,5459006095567030,(061) 0698-2217
Lorena Almeida,Android 3.1,Ciclista
Kaique Farias,Android 6.0,Ecólogo
Vitor Hugo Gomes,Android 2.3.2,Ilustrador
Lívia Freitas,Android 7.1.1,Fresador
João Gabriel Pinto,374651553604586,+55 (071) 8343 7801
Enrico Mendes,3538322614935164,+55 61 3820 3410
Kevin Duarte,349051597041287,0300-444-1565
Ana Luiza Sales,4834684229173005,41 8941-9336
Vinicius Nogueira,639028369325,(071) 7496 0002
Srta. Letícia Souza,Android 3.0,Administrador
Natália Sales,341115677070512,(061) 5617 1348
Dra. Maria Cecília da Mata,4140112962833440239,+55 (081) 7895 6088
Laura Nascimento,Android 3.2.2,Tatuador
Cecília Nascimento,Android 6.0,Engenheiro de processos
Esther Caldeira,Android 5.0,Caça-talentos/Olheiro
Bruna Sales,Android 4.4.1,Apontador de mão-de-obra
Marcela da Cunha,3540112751612924,(081) 0535-7269
Benício Silva,Android 4.4.4,Manobrista
Gabrielly Gonçalves,4425751319869,84 3743-6359
Dr. Raul Costa,Android 4.0.4,Escoteiro
Marina Moura,Android 10,Astrofísico
Maria Vitória Barros,6578372493831293,0500-245-8389
Luiz Otávio Alves,4580112480444580,84 8265 4148
Cauê da Rocha,4884291968107175,+55 (084) 6878-0617
Murilo Pires,3530620576099798,+55 (011) 5159-6085
João Lucas Pires,213116716355323,51 9590 6136
Maria Luiza Moreira,3514270028593517,81 0825 3578
Cauê Barros,Android 2.3,Gari
Joana Alves,Android 4.0.3,Diplomata
Dr. Leonardo Costela,377398326415588,84 0001-0818
Vicente da Cunha,Android 3.2.5,Remador
Ana Julia Nascimento,2702150263639189,+55 41 7424 0943
Bryan Gonçalves,213190386298097,+55 71 4012-6568
Thales Ferreira,4665455897774613744,+55 (084) 8918 2561
Helena Freitas,Android 7.1.2,Sacoleira
Felipe Porto,Android 3.1,Lutador de kung fu
Rebeca Martins,4277795937156612741,+55 (021) 1145 9941
Juliana Martins,4997349253821241,+55 (084) 5313-1811
Dra. Luna da Cruz,Android 4.0.1,Tenista
Arthur Oliveira,Android 2.1,Arranjador musical
Henrique Pereira,4188458833810,+55 (041) 6859-7650
Fernanda da Rosa,Android 4.4.2,Professor
Luiz Fernando Almeida,4973084420562711294,(021) 7568-6408
Vitor Gabriel Fogaça,4449289401254743,(084) 0009 9963
Leandro Rocha,Android 4.4.4,Operador de telemarketing
Yasmin Silveira,3502118026946548,0300 307 5927
Srta. Mariane Almeida,2264611473282581,+55 (011) 5247 8017
Maitê da Conceição,4979424602233271198,(061) 5904-8805
Ian Barros,Android 4.0.1,Endodontista
Matheus da Rocha,4172122817722982,0900-124-9261
Dr. Bernardo Lopes,4680271293879230207,(084) 8439 8252
Dra. Emilly Ramos,4712004784754841,(084) 4996-5242
Maria Luiza da Mata,Android 7.1.2,Tecnólogo em produção moveleira
Ana Luiza da Costa,Android 2.3.4,Pescador
Nathan Fogaça,502000772546,+55 51 6268 3037
Theo Pinto,4966992438455,+55 (084) 8872 4373
Sr. João Felipe Rodrigues,Android 3.2.6,Afiador de ferramentas
Ana Laura Rezende,Android 4.2.1,Major
Pedro Miguel Nunes,2688797803093992,+55 51 8531 0912
Lucca Duarte,675900796854,21 6105 2926
João Lucas Gonçalves,347706111188961,(031) 9512 2441
Srta. Caroline Viana,2715819903206337,+55 (061) 2416 2337
Dra. Mariane Martins,4466268885444457,+55 (061) 6947 4139
Luna da Rosa,213147320609425,+55 (051) 3598-3014
Dra. Melissa Ramos,Android 4.0.2,Paparazzo
Sr. Miguel Porto,Android 6.0,Vereador
Luiz Otávio Ramos,630421014576,+55 21 7555-8087
Clarice da Cunha,Android 2.2.3,Gerente de banco
Dr. Nathan Jesus,Android 1.0,Segurança particular
Dr. Eduardo Santos,4084067444141,+55 61 7351 4755
Gabriela Lopes,340337184750805,21 8444 7570
Amanda Viana,Android 2.3.5,Técnico em desporto
Dr. Lucas Rezende,213173074351592,(061) 1387-1788
João Pedro Campos,4083709214928838,+55 (031) 9825 5648
Stephany Caldeira,Android 7.1.2,Químico
Ana Julia Viana,Android 3.2.3,Imunologista
Levi Moraes,Android 4.2.2,Barman
Samuel Teixeira,Android 4.4.3,Comerciante
Srta. Ana Carolina Cardoso,Android 4.1,Estivador
Felipe Peixoto,Android 2.3.4,Funileiro
Sr. Anthony Moraes,Android 4.4.3,Locutor
Maria da Rocha,3523447543342765,(084) 7170 1671
João Pedro da Costa,Android 8.0.0,Necromaquiador
Maria Fernanda Nogueira,676286708810,21 8933 2594
Melissa Almeida,630417013590,+55 51 6378 9020
Benjamin Pinto,Android 3.2.2,Mensageiro
Antônio Cavalcanti,30515094963858,0800 461 8560
Carlos Eduardo Vieira,213101611666032,+55 21 6646 3697
Ana Julia Jesus,30052348961710,0800-552-2085
Diego Farias,30585031701562,81 2629 4958
Davi Luiz das Neves,676397446649,+55 84 5430 6364
Alexia Teixeira,Android 2.0,Tecnólogo em Ciências das plantas medicinais
Srta. Ana Julia Castro,Android 4.0.4,Músico
Leandro Ferreira,4148413495949,(031) 7216 5678
João Miguel Monteiro,3593417913912500,+55 21 7996-8459
Gustavo Henrique Pinto,Android 4.4.3,Analista de sistemas
Heitor da Cunha,Android 5.1,Hematologista
Julia Castro,3577729977769950,+55 21 3020 6167
Thales Moura,Android 7.1.1,Cameraman
Marcos Vinicius da Costa,4997895715231957,51 5340 4024
Ryan da Conceição,Android 1.1,Perito criminal
Gustavo Monteiro,3546660124557790,(051) 8963 6122
Erick Sales,Android 3.2,Agente comunitário de saúde
Lucas Carvalho,Android 1.0,Geriatra
Beatriz Rocha,Android 11,Técnico em radiologia
Stephany Rocha,4495114474133868,+55 84 7336 5844
Dra. Helena Duarte,Android 4.1.1,Assistente social
Dr. Thomas Castro,Android 3.2.2,Programador
Daniela Castro,180055837844840,+55 31 5337 5399
Lucas Gabriel Silva,Android 1.5,Assistente de direção
Dr. Paulo Viana,Android 4.0.3,Transportador
Carlos Eduardo Gomes,Android 6.0.1,Policial civil
Fernanda Peixoto,6561986146217334,21 1387-0388
Theo Pereira,3543173323289952,+55 (021) 5746-1753
Dr. Noah Gomes,38046554461193,+55 84 5457-2652
Erick da Cunha,580225271437,(021) 8368 7286
João Miguel Cardoso,Android 3.2.3,Microfonista
Sra. Heloísa Martins,372512241020456,31 2077 3991
Dr. Guilherme Pires,Android 2.1,Radiooperador de vôo
Vicente Barros,3580391406733647,+55 (071) 2078 6554
Luiz Fernando Vieira,Android 6.0.1,Engenheiro físico
Lorena Correia,Android 7.1.1,Ortodontista
Eloah Melo,Android 2.3.7,Traumatologista
Natália da Costa,4255863553562,+55 (084) 4825 4288
Sr. Lucas Duarte,Android 10,Engenheiro mecânico
Rodrigo Sales,4810985833357,+55 (031) 6691-0231
Emanuel Cunha,4015432683138,84 3034 0054
Maria Fernanda Pereira,Android 2.3.1,Árbitro e mediador
Pedro Lucas da Rocha,2235237536725501,(084) 3664 4374
Emanuel Ferreira,3509170629089609,(061) 0724-4850
Brenda da Cruz,6011534149868210,+55 (081) 3770-3271
Leandro Sales,Android 8.0.0,Subprefeito
Srta. Laís Campos,Android 2.3.5,Profissional de tecnologia de laticínios
Otávio Santos,Android 8.0.0,Turismólogo
Isadora Alves,4636718440164,+55 21 1754-8326
Ana Carolina Cardoso,4554247616339,+55 81 3743-1551
Lara Mendes,Android 4.0.2,Engenheiro naval
Pietro Silveira,Android 1.0,Engenheiro de produto ou produção
Enzo Gabriel Souza,Android 4.4.3,Violonista
Larissa da Mata,Android 2.2.2,Fotógrafo
Marcelo Moraes,Android 7.1,Babá
Davi Luiz Fogaça,4621663345791368,+55 11 7688-8410
Anthony Santos,4237523400154667897,+55 (081) 4365 4334
Erick Aragão,676124046977,0500-411-3868
Diogo Viana,3579380776478209,+55 11 4034-4439
Alexandre Carvalho,639068577332,+55 (051) 8192-9313
Emanuel Carvalho,Android 2.3.7,Transcritor
Amanda Barros,3599330733029591,71 7619-5410
Evelyn da Rosa,Android 1.6,Baixista
Benjamin Peixoto,Android 2.3.5,Jogador de vôlei
Carlos Eduardo Gonçalves,5561504550228689,(051) 3868 7875
Kaique da Cunha,4844462048077539788,11 5455-5250
Vitor Hugo Ribeiro,Android 2.1,Repórter
Luigi das Neves,Android 5.0.2,Agente comunitário de saúde
Sarah Melo,Android 7.1.1,Salgadeira
Isabelly Oliveira,3599718027977600,0800 138 1492
Sarah Fogaça,4120698727700,21 4362 5364
João Lucas Duarte,348334281239487,+55 71 0766 0999
Luigi Ribeiro,Android 4.1,Personal stylist
Pedro Henrique Nascimento,3521668787018819,+55 71 1653 4650
Calebe Pinto,Android 4.1.2,Pediatra
Sra. Manuela da Mata,3576796234135920,+55 11 3005-2538
Kevin Fernandes,Android 2.0.1,Consultor de radiestesia
Maria Fernanda Novaes,Android 2.0.1,Psicopedagogo
Vicente Campos,30509196694842,+55 (061) 8072 1075
Sr. Gustavo Henrique da Mata,676368952773,(031) 2428-7765
Sophia Azevedo,Android 4.0.2,Tatuador
Srta. Helena Jesus,Android 3.2.2,Clap loader
Ana Júlia Barros,213168459169445,0500-172-3572
Juliana Nogueira,Android 1.6,Acupunturista
Bryan Vieira,4805985466695112,+55 81 1778-8205
Helena Gonçalves,Android 9,Mototaxista
Kamilly Fogaça,4792562502845962,+55 (041) 5858 1648
Ana Laura Oliveira,3545573892431513,(071) 4542 7194
Pedro Gonçalves,3578761530217747,+55 61 0647-5338
Miguel Alves,30233521900721,+55 (071) 6611 9803
Bruno Cardoso,Android 2.0,Transportador
João Guilherme da Mata,Android 3.2.2,Tecelão
Benjamin Caldeira,2241812315276702,+55 (084) 6875-2439
Heitor Aragão,4521726518450,+55 (041) 4543-8393
Lorenzo Pires,6571144032790885,11 1540 1345
Levi Correia,4681629871184283,+55 21 0202 6014
Felipe da Cruz,4315698099853353,0800 996 1834
Mirella Oliveira,6509594205907442,(071) 6180-1218
Dra. Raquel da Paz,Android 2.0,Chaveiro
Nicole Mendes,Android 3.2.3,Radialista
Isadora Dias,Android 6.0,Conferente de expedição
Isadora Pinto,3599347762829865,(031) 5453 0137
Laís Rodrigues,Android 2.3.4,Salgadeira
Maria da Cunha,Android 2.2.2,Psiquiatra
Dr. Thomas Teixeira,Android 1.0,Faxineiro
Manuela Correia,4728658574589,+55 (011) 3121-8303
Leandro Sales,Android 4.0.2,Garimpeiro
Clara Aragão,3531194082840581,+55 71 5261 1316
Sr. Davi Costela,Android 3.2.3,Hematologista
João Gabriel Pereira,Android 4.1.1,Advogado
Sr. Guilherme Freitas,4243244329237963,(071) 1611 1683
Sr. Levi Correia,Android 3.0,Cobaia Médica
Alícia Vieira,4270781370700,+55 71 5024 3692
Paulo Ribeiro,3574948408127108,51 6884 3172
João Miguel Gonçalves,5218924639324274,+55 (081) 3804 6965
Erick Fernandes,3552964662193930,0800-299-4837
Emanuella das Neves,502030203934,(041) 8463 5659
Gustavo Henrique Santos,Android 3.2.6,Tecnólogo em Ciências das plantas medicinais
Igor Gomes,3530597477774366,0800 689 0130
Milena da Cruz,213130259167359,+55 (021) 3428 4204
Ana Clara Teixeira,Android 4.0.2,Naturólogo
Srta. Sabrina da Conceição,340438522103903,+55 61 0556-4616
Júlia Barbosa,Android 2.3.6,Agente funerário
Camila Rocha,4978477800422,0800-722-8233
Marina Silveira,4297380076505202661,(031) 3086 8705
Nicole Santos,Android 2.2.2,Atleta de canoagem
Joana Silva,Android 7.1.1,Técnico em óptica
Eloah da Rocha,4408791640049742,+55 51 7716 0602
Cauã Lima,4702660313268918,(051) 3509 2069
Camila Silveira,Android 8.0.0,Perito judicial
Juan Moura,180020782832943,51 0910 7700
Theo Cardoso,180005060097954,11 6804-4868
Sofia da Paz,213135049242255,61 2450-7757
Marcela Santos,Android 1.5,Baixista
Sr. Thiago Nascimento,6011319299005668,+55 (041) 4462-3183
Miguel Lima,4679035381379047,+55 84 1528 8233
Alice Gomes,Android 4.0.3,Engenheiro naval
João Pedro Santos,Android 6.0.1,Cambista
Antônio da Conceição,30541808432485,+55 (031) 8306-7329
Isaac Aragão,Android 5.1.1,Turismólogo
Rebeca Correia,6011420570564165,51 8561 3738
Daniel Novaes,3529209007220638,11 9901 3554
Gustavo Henrique Araújo,373207786113134,(071) 0918 1575
Luiz Gustavo Caldeira,Android 2.3,Pesquisador
Bruna Caldeira,4486451841648975,(071) 8390-8508
Raul Pinto,30542356524046,11 6504-9635
Sra. Eduarda Lima,060459696187,+55 71 3292 4451
Maitê Peixoto,Android 2.2.2,Neurologista
Ana Beatriz Ribeiro,4549950547008550438,0800 884 2856
Felipe Porto,213102672696934,(084) 1271-6596
Thiago Peixoto,3586130839099133,31 3731-5194
Vicente Costela,Android 4.1.2,Agente de combate à endemias
Srta. Marcela Novaes,6576723062222946,71 9982-9579
Olivia Aragão,Android 6.0,Odontologista legal
Clarice Ramos,Android 2.3,Engenheiro de horticultura
Clara Farias,4890593719032,0500 328 3274
Kamilly Silveira,4249556133956,+55 84 3944 9160
Manuela Costa,Android 3.2.4,Major
Srta. Manuela Mendes,Android 2.3.4,Intérprete
Srta. Helena da Conceição,Android 4.4.3,Odontologista preventivo e social
Dr. João Cunha,Android 3.2.3,Designer de produto ou desenhista industrial
Diogo Almeida,213162608598406,(084) 2108-3963
Helena Caldeira,4616738828163298,31 0770-9999
Igor Aragão,Android 5.1,Escrivão
Diego da Luz,Android 4.3,Agente de defesa sanitária
Melissa da Mata,Android 4.0.1,Atleta de canoagem
Sr. Gabriel Fernandes,Android 10,Bartender
Sophie da Mata,6011911376719227,+55 (041) 7657-1727
Miguel Cardoso,Android 2.3.6,Produtor fonográfico
João da Costa,Android 4.4,Mecânico de vôo
Srta. Brenda Barbosa,501865081456,+55 (011) 1216 4153
Isabella Lima,Android 4.3,Corregedor de justiça
Ana Vitória Correia,30188181084838,(011) 4182 0654
Laura Carvalho,30450099043011,(051) 0958 5491
Sr. Luigi Novaes,30509809010303,+55 41 4237 0134
Pedro Freitas,Android 6.0,Engenheiro de produto ou produção
Heitor Nunes,4265291526197,+55 51 3340 8240
Francisco Ribeiro,Android 3.2.4,Tenente
Alice Santos,Android 4.0.3,Marinheiro
Sra. Sophie Pinto,4611139850836536,71 6848-6828
Murilo Duarte,Android 3.0,Trompetista
Pietro Fernandes,Android 4.4.3,Lubrificador de máquinas
Carolina Freitas,Android 4.2.2,Museólogo
Theo Teixeira,Android 7.1.1,Cardiologista
Davi Lucca Castro,213114499750331,+55 51 8228 6427
Sr. Vicente Moura,180069629893063,61 3339-5559
Thales Lima,3585706430328848,(031) 8270-8822
Maria Clara Pires,Android 6.0.1,Optometrista
Murilo da Paz,Android 3.2.3,Engenheiro naval
Carlos Eduardo Barros,Android 3.0,Conferente de expedição
Srta. Sarah Nogueira,Android 3.2.2,Argumentista
Kevin Barros,Android 5.0.1,Embaixador
Sabrina Farias,Android 4.4.3,Sexólogo
Alice Jesus,Android 3.2.5,Engenheiro agrônomo
Caroline Aragão,Android 2.1,Forneiro
Ana Julia Gonçalves,4807690292553968,71 1666 1568
Ana Clara Souza,3572734660504172,+55 31 9681 2652
Sophia Farias,4914350528789460,+55 21 2668-6081
Fernanda Carvalho,4469289990828339207,51 6602 4110
Luna Nunes,Android 5.0.2,Engenheiro petroquímico
Maitê Nogueira,30033336223859,21 9747-2102
Kaique Novaes,Android 4.4.2,Seringueiro
Lucas Azevedo,Android 2.3.2,Gestor de recursos humanos
Evelyn Gomes,3558189681335288,(021) 4695 8525
Luiz Felipe Correia,Android 8.1.0,Terapeuta Holístico
Dr. Eduardo Pinto,6521130677821409,(041) 7186-5695
Joana Mendes,Android 4.4.4,Cadista
Sr. Daniel Costa,371896740719879,+55 (041) 9208-0993
Raul Moraes,340062499294964,+55 (041) 0726-9715
Carlos Eduardo Souza,Android 2.3.3,Instrumentista musical
Gustavo Henrique Fernandes,Android 4.1,Marceneiro
Thiago Gonçalves,562525892112,81 6020-8252
Sr. Carlos Eduardo Rodrigues,Android 5.0,Estampador de tecidos
Ian Almeida,Android 11,Engenheiro civil
Sophia da Mata,3571423698035638,41 4143-5128
Luiz Gustavo da Mota,675945325503,+55 41 2947 0722
Srta. Ana Beatriz da Cruz,Android 3.2.2,Vistoriador de sinistros
Rafael Castro,370248833998393,+55 31 8274-0811
Manuela Gonçalves,Android 11,Sapateiro
Giovanna Caldeira,Android 2.2.1,Coordenador
Elisa Novaes,4809188175393146646,+55 51 8925 2128
Laís Cardoso,Android 9,Bedel
Nicolas Rezende,Android 8.0.0,Roteirista
Maria Julia Martins,Android 7.1.2,Gestor de recursos humanos
Maysa Moreira,30473982375563,(051) 0059-5536
Juan da Cruz,Android 6.0,Tecnólogo em desenvolvimento social
Vicente da Mata,Android 4.2,Servente-de-obras
Sr. Guilherme Ferreira,3521541763307722,+55 51 8441 6070
Rebeca Ribeiro,Android 4.4,Quadrinista
Sr. Pedro Gonçalves,6011301327941163,+55 (031) 0889 1030
Dr. Pedro Henrique Ramos,Android 3.2.6,Lutador de kung fu
Dr. Eduardo Lopes,Android 4.2.1,Juiz de futebol
Dr. João Guilherme Alves,376914655963633,+55 11 3386-1393
Enzo Gabriel Monteiro,4501493456886,+55 61 5316 0918
Ana Clara Gomes,4993735872790,+55 (071) 5773 9779
Joaquim Monteiro,4728197478814707,+55 (051) 6041 8822
Nathan Caldeira,341293909626839,41 9569-8938
Henrique Martins,Android 4.1.1,Cobrador de pedágio
Esther Campos,3572065842625910,(051) 7568-8708
Rafael da Rosa,2253156622735538,(081) 6509 4556
Lara Mendes,4345235945085711990,(031) 3158-9607
Maria Duarte,4043324790975317,+55 31 3456 5902
Sra. Clarice da Cunha,Android 7.1.1,Major
Melissa Sales,4610427797467839716,+55 61 9156 6411
Pedro Farias,344926418651437,(041) 0832 6100
Carolina Costa,2290923428673113,+55 41 1714-4590
Bernardo Campos,6551686988851750,81 3435 7494
Ryan Araújo,Android 5.0.2,Mestre-de-obras
Dra. Ana Julia da Mota,3567163907341981,+55 (021) 6761-5573
João Lucas da Rocha,Android 1.5,Torreiro/Torrista
Enzo Gabriel Gomes,Android 2.3.7,Médico nuclear
Laís Cavalcanti,6011870244008371,+55 81 8045-1989
Gabrielly Rezende,Android 5.1,Diplomata
Pietra Fogaça,4072060229297873,+55 (021) 3952-6821
Lara Porto,Android 2.3.5,Chargista
Marina Rezende,4288676888489023539,31 1580 9989
Isis Mendes,Android 4.1.1,Administrador de banco de dados DBA
Fernando Pinto,585346165061,0900 975 9015
Sr. Pedro Gomes,Android 6.0.1,Ambulante
Erick Teixeira,375248918692098,+55 (031) 9606-0992
Lorena Silveira,Android 4.0,Quiropraxista
Pedro Mendes,4745728931419915270,+55 (011) 4060 2619
Ana Beatriz Teixeira,Android 4.3,Montador
Otávio da Cunha,Android 2.2,Revendedor
João Pedro Mendes,4365068391287644,+55 51 8640 7147
Gabrielly Ferreira,Android 3.2,Cineasta
Enzo Cavalcanti,6593082405642297,+55 (071) 3333-2599
Thomas Teixeira,Android 4.4.1,Epidemiólogo
Luana Rocha,4840548565014,+55 21 6060 6949
Eduardo Ramos,4130394298140692,0300 390 6088
Pietra Barros,4630441640438845448,0300-343-2119
Felipe Rezende,30351898446373,(011) 4608 5508
João Barbosa,3567131714197888,31 7270 4156
Sr. Arthur Nunes,4206681986997,+55 31 6290-4005
Gabrielly Barros,376203939740920,+55 (031) 4525 3909
Dr. Lucas Cunha,588852495161,+55 (031) 3381 5600
Maitê da Cruz,502043168181,+55 11 9190-4721
Raul Costela,3586588897091302,+55 (061) 6223-8333
Lucas Gabriel Barros,374194537704701,+55 41 6790 6055
Brenda da Conceição,4072875335056768,(051) 2596 5158
Guilherme da Rocha,Android 2.3,Supervisor
Augusto da Paz,6011694182759401,81 6763 6736
Ana Carolina Viana,4428151639054631,11 8907-6402
Dra. Agatha da Mota,5582108276595945,+55 (031) 1515 9598
Dr. Davi Lucca Caldeira,Android 2.1,Lactarista hospitalar
Miguel Silveira,3550718464539670,0500-532-8951
Lorena Pereira,3537337189208988,+55 (011) 5189 1698
Sr. Vinicius Carvalho,Android 7.0,Bioquímico
Dra. Nicole da Rocha,180041478402080,+55 51 5159 6423
Carlos Eduardo Dias,Android 3.2.3,Designer de jóia
Ana Vitória Alves,Android 4.0.2,Cantor
Dra. Fernanda Peixoto,378495483006215,+55 84 7685-5460
Sabrina Carvalho,4743733541499026,(081) 5932 6643
Benício da Paz,Android 7.1.2,Afiador de ferramentas
Ana Costela,Android 2.3.2,Revisor
Sophia Aragão,Android 7.1.1,Plastimodelista
Nicolas Nogueira,6011518909084548,0900 795 6023
Ryan Costa,Android 1.1,Ortopedista
Maria Clara Ramos,Android 1.6,Cadeirinha
Gustavo Rodrigues,4506297113491880998,0300 728 0992
Maria Cecília Melo,Android 6.0.1,Trilheiro ou músico de cinema
Srta. Fernanda Aragão,213195610311152,+55 41 6674 5175
Breno Barros,Android 4.4.4,Angiologista
Rodrigo Vieira,6584301996496793,(031) 4090 1352
Guilherme Jesus,Android 1.5,Orçamentista
Lívia Ribeiro,Android 4.4,Leiloeiro
Marcos Vinicius Vieira,4194275645432234,71 4895 4563
Dr. Lucca Lima,Android 4.0.4,Profissional de logística
Amanda Aragão,Android 5.0,Prensista
Melissa Sales,Android 1.5,Kite-surfer
Francisco Pereira,Android 4.0.3,Coronel
Lucca Castro,Android 4.1.1,Panfleteiro
Maysa Ramos,676389919058,+55 (061) 0007-5202
Igor da Conceição,Android 2.2.3,Montador de negativos
Bryan Moraes,Android 4.0.4,Atendente
Sra. Alícia Pinto,Android 4.4.3,Esgrimista
Júlia Correia,3526375552243862,+55 71 4503-3229
Heitor Almeida,3560706521524817,+55 84 6779 1131
André Souza,Android 3.2,Judoca
Clarice Moreira,4487340858568312602,(031) 1528-2862
Rebeca da Mata,Android 4.3,Tosador
Davi Lucas Araújo,30485086778203,+55 71 3041-3100
Nicole Cardoso,3580257690886872,31 8621-7897
Anthony Silva,Android 2.3.3,Publicitário
Heitor Santos,Android 2.3.2,Fundidor de placa de gesso
Isabella Fogaça,Android 7.0,Ascensorista
Pedro Azevedo,Android 5.1.1,Ortodontista
Sofia Martins,Android 2.3,Clarinetista
Dr. Antônio Rodrigues,4798416678603842,+55 (081) 0260-1619
Matheus da Conceição,Android 4.3,Engenheiro aeronáutico
Srta. Maria Eduarda Cardoso,4259070764913,+55 21 6045 3707
Dra. Juliana Monteiro,3549881741618602,(021) 3323 2098
Yago Moura,Android 4.3,Papiloscopista
Joana Pinto,Android 8.0.0,Técnico de gesso
Clarice da Conceição,Android 1.1,Cabo
Eloah Rodrigues,Android 4.4.1,Chaveiro
Marcela Porto,Android 5.1,Datilógrafo
Luigi Azevedo,Android 2.3.3,Vereador
Kaique Porto,4345437749655205,+55 51 6531 0916
Luiz Felipe da Mata,Android 4.4,Governanta
João Gabriel Pinto,Android 4.3.1,Leão de chácara
Eduarda Nascimento,2606887649375189,0500 928 1581
Caroline Oliveira,Android 1.5,Arrumadeira
Alexandre Azevedo,Android 2.3.4,Marechal
João Silva,4842003632049266,(081) 2190-2459
Larissa Lima,213182925085275,+55 (084) 2129 5064
Sophia da Conceição,4076730766678,(011) 9258-6532
Marcos Vinicius da Cruz,Android 4.4.2,Produtor de audio visual
Joana da Cunha,Android 4.1.1,Físico nuclear
Dr. Cauã da Cruz,Android 2.3.5,Supervisor
Luna Moura,4273665906656,(051) 3099-3572
Isabella Teixeira,4661234954150643444,0900 725 2241
Gustavo da Rocha,Android 5.0.1,Necromaquiador
Antônio Santos,2442729533264640,+55 71 3784 6014
Nicolas Viana,Android 4.4,Perito criminal
João Lucas Pereira,Android 3.2.2,Maestro
Sra. Larissa Pereira,Android 2.3.2,Subprefeito
Ana Luiza Silveira,Android 1.5,Assistente social
Bruno Nascimento,Android 4.0.4,Atleta de canoagem
Dra. Lorena Costela,Android 8.1.0,Engenheiro de supply chain ou logística
Mariane Castro,4885143577970833,+55 (084) 1290-4506
Nina Peixoto,3593396403167652,+55 71 4332-1323
Pedro Henrique Fernandes,676136121297,(051) 8863 2807
Maria Cecília Mendes,Android 2.1,Tenista
Maria Jesus,6584575459158798,+55 (031) 0516-9780
Davi Luiz da Conceição,060458591629,+55 (084) 2009 4216
Heloísa Souza,Android 3.2.3,Engenheiro petroquímico
Sr. Fernando Silva,Android 6.0,Coloproctologista
Ian da Cruz,Android 5.1,Profissional de relações públicas
Maria Eduarda Cavalcanti,Android 4.4.4,Coordenador
João Pedro Novaes,3518249276434844,61 7846 0615
Dr. Eduardo Caldeira,348831745782564,71 3976 0962
Maitê Moreira,30330840552017,+55 (041) 2026 1651
João Guilherme da Paz,Android 3.2.1,Gestor de tecnologia da informação
Alexandre Porto,Android 9,Engenheiro de som
Pietra Teixeira,4375997280108628,0900-518-5193
Srta. Lorena da Rocha,Android 3.2.2,Lactarista hospitalar
Sra. Maitê Santos,30198243543713,0300-693-1206
Sarah Caldeira,Android 9,Auxiliar de serviços gerais
Bernardo da Cunha,Android 2.2,Engenheiro de segurança do trabalho
Evelyn Almeida,Android 4.4.1,Papiloscopista
Pietro Silveira,372360422448777,71 2572-7985
Kaique da Rocha,Android 6.0.1,Engenheiro de produção agroindustrial
Joana Nascimento,Android 4.1.1,Jornalista
Julia Barbosa,Android 3.2,Fiscal
Isabella Gonçalves,Android 2.3.4,Adestrador de animais
Bryan da Cunha,4507302255075236,(041) 1082-6580
Letícia Sales,370962825198941,+55 11 9099-1517
Luiza Farias,3533614703224673,+55 71 3187 1068
Joaquim da Mata,4450622784762427,+55 (061) 8246 8689
João Vitor Correia,3529586875254108,(041) 1794 9824
Juliana Caldeira,Android 3.2.5,Comandante
Bruna das Neves,Android 4.4.4,Cirurgião dentista
Otávio Dias,Android 11,Mecânico
Maria Julia Pinto,Android 3.2.4,Profissional de efeitos especiais
Sr. João Guilherme da Mota,Android 3.2,Técnico em hardware
Calebe Correia,Android 1.0,Tintureiro
Luiz Otávio Rodrigues,3558355450047012,(021) 7685-8642
Natália Gomes,Android 3.1,Cobrador de ônibus
Júlia Cunha,Android 4.2,Barbeiro
Sophie Cunha,Android 1.0,Petroleiro
Srta. Lorena da Luz,4780664856178664749,+55 (071) 7670-6926
Davi Melo,Android 3.2.6,Sexólogo
Isis Cavalcanti,2371528910093597,(011) 6726-5256
Maria Sophia Novaes,Android 4.2.2,Patologista
Paulo Silveira,30459793901770,(084) 8301 3525
Isaac Viana,Android 4.1.2,Pintor
Eduarda Pereira,379112648525315,(011) 4998 3071
André Cavalcanti,675979001699,(071) 5634 9911
Camila Teixeira,Android 2.3.3,Restaurador
Danilo Nunes,Android 2.3.5,Maestro
Leandro Oliveira,639044451016,(041) 8967 0898
Júlia Freitas,Android 4.2.1,Profissional de áudio
Diego Castro,Android 3.2.4,Montador
Sophie Rezende,Android 4.1.2,Educador
Srta. Lara Vieira,180033667835345,(011) 9655-9735
Maria Julia Moreira,4344885404714775444,41 1418 2633
Ana Júlia Campos,373060982689211,0500-542-5908
Emanuelly Santos,Android 2.2.3,Marinheiro
Luiz Fernando Ferreira,Android 3.2.3,Mágico
Dr. Calebe da Paz,Android 2.3.5,Engenheiro de processos
Emanuella Fogaça,374108397433276,51 6973 1991
Dra. Mariane Moura,Android 3.2.4,Assistente social
Cauã Correia,348570770406174,0500 625 8549
Dr. Nicolas Nunes,Android 4.3.1,Jóquei
Milena da Conceição,Android 6.0.1,Atleta de arremesso de peso
Anthony Dias,Android 1.1,Engenheiro civil
Luiza Pereira,Android 2.0.1,Afiador de ferramentas
Daniel da Paz,060454261086,+55 (071) 6993 6868
André Correia,343259020945802,61 9402 3673
Pedro Lucas da Cunha,370411780263415,(084) 4705 0207
Lívia da Conceição,4367056699806866589,61 4387 6571
Francisco Aragão,4600678075974773,+55 51 8061 6896
Luiz Felipe Almeida,6011828712695624,+55 61 2393 4286
Emanuelly Rodrigues,Android 2.3.3,Confeiteiro
Maria Eduarda Moura,30549046353389,21 7865-9295
Kamilly Lopes,Android 4.0.1,Coronel
Benjamin Pinto,Android 3.1,Corretor da bolsa de valores
Lívia da Cruz,371707642060835,+55 (021) 3702 2331
Enrico da Costa,6582183264208452,+55 84 4340-7053
Dr. Alexandre Porto,Android 4.1,Profissional de recursos humanos
Ana Vitória Almeida,180094629115929,+55 (084) 4799-5839
Dra. Ana Julia Viana,4512367976727644336,(081) 6482-0929
Yago Nascimento,630493575009,+55 31 8408 8230
Gustavo Henrique da Rocha,Android 3.2.1,Moleiro
Maria Sophia Araújo,2571007975806563,+55 51 7286 0612
Sra. Brenda Sales,Android 2.3.7,Engenheiro de processos
Sr. Noah Azevedo,4619413845683804,84 9267 4884
Nathan Campos,Android 5.1.1,Degustador
Enzo Nascimento,5465485781880638,+55 (011) 1858 7656
Vitor Viana,3554497855767150,+55 (081) 9333-1952
Ana Vitória Freitas,Android 3.2.2,Segurança particular
Milena Pinto,Android 7.1.2,Profissional de manutenção industrial
Luiz Miguel da Mota,30288051894413,71 8927-1623
Emilly Dias,Android 4.4.4,Atleta de tiro com arco
João Guilherme da Paz,Android 5.0.1,Gestor de tecnologia da informação
João Felipe Gonçalves,Android 4.4.3,Militar da Marinha
Enzo Gabriel da Costa,Android 4.2.2,Sociólogo
Enzo Monteiro,4718557070916002895,+55 11 5715 9023
Paulo Ribeiro,675963435903,+55 61 7140-6926
Juliana Lopes,342657677329611,+55 (081) 2881 4741
Francisco Correia,Android 4.2.1,Flanelinha
Maitê Alves,36460163181153,71 1726-5581
Anthony Pereira,676200978853,(071) 8295-2040
Kaique Nogueira,30234829589059,(061) 0097-3971
Alexia Pereira,4811937801945688,+55 71 4664 3281
Sr. Gustavo Henrique da Mota,6011651782022499,+55 (031) 6474 3818
Camila da Cunha,Android 2.2,Coreógrafo
Srta. Laís Porto,344415144765521,71 8937 8297
Bryan da Cruz,Android 7.1,Retificador
Ana Lívia da Paz,2258365882635644,+55 61 0994 5038
Esther Cavalcanti,Android 3.2.4,Professor
Maria Fernanda Barros,Android 3.2,Carnavalesco
Dr. Daniel Gomes,180071317463456,(061) 0991 8109
Cauê Oliveira,Android 3.0,Estivador
Felipe da Mata,Android 4.1.1,Fisioterapeuta
Joaquim Ribeiro,Android 2.2.1,Webmaster
Ana Vitória Jesus,Android 4.4,Antropólogo
Levi Sales,30150367102925,71 0839 7106
João Vitor Rezende,Android 3.2.4,Capelão
Maria Fernanda da Rosa,Android 7.1.1,Bailarina
Sr. Bernardo Souza,Android 4.2,Zootecnista
Anthony Carvalho,Android 5.1,Enfermeiro
Ana Luiza Moraes,Android 2.3.4,Ator
Dr. Bryan da Luz,4407068527942260,31 0281 0430
Giovanna Gonçalves,213190079097574,+55 (061) 6864-1116
Ana Beatriz Ribeiro,4952732616635448760,31 9086-2008
Raquel Cavalcanti,2400858411699419,(071) 5048-5724
Danilo Cavalcanti,3513710872950801,(081) 6382 4377
Giovanna Ferreira,38525717085460,11 8865 8896
Maria Sophia Moraes,Android 7.1.1,Odontologista preventivo e social
Sr. Levi Vieira,Android 3.2.2,Empresário
Dra. Mirella Moraes,3534042596285628,+55 41 7022-2495
Sarah Martins,Android 4.4.1,Seguidor de compras
Sr. Yuri Martins,Android 2.3.6,Capoeirista
Enzo Cardoso,Android 8.1.0,Gerente de vendas
Luiz Fernando Souza,Android 1.0,Capoeirista
Nathan Peixoto,Android 4.4.1,Papiloscopista
Dr. Luigi Azevedo,Android 2.3,Ufólogo
Rodrigo Ferreira,5371901805543310,71 1393 2778
João Pedro Santos,213168990427930,11 4517 2662
Isabel Moreira,Android 3.2.3,Turismólogo
Luiz Felipe Cardoso,180038367534676,+55 11 5638 8800
Murilo da Costa,Android 5.0,Vistoriador de sinistros
Maysa Souza,Android 7.1,Diplomata
Luiz Henrique da Luz,4730939280820,+55 (011) 2790 6701
Giovanna Gomes,Android 4.0.2,Compositor
Marcela Fernandes,Android 2.3.2,Grafologista
Lorenzo Alves,4650033180369130,(021) 2001-9221
Anthony Araújo,6011246616502590,(041) 2887 4423
Emanuelly da Rocha,502076944193,+55 41 9064-1191
Eduardo Costela,568971086299,+55 61 5357 3261
Sophia Vieira,30023045796634,84 7780-6374
Srta. Laís da Paz,Android 3.2.6,Clínico geral
Juan Aragão,6011761417371326,21 8192 0827
João Lucas Gonçalves,4233895091935,+55 (011) 1938 8204
Luana Lima,Android 4.4,Maestro
Lorena Viana,3508641481055251,0800-480-0691
André Ribeiro,4853213084029949117,+55 (011) 7683-4907
Davi Lucca Ramos,4097524071450152103,61 0785-7374
Pietro Cardoso,4884787238403626193,61 2054-4676
Lucas Gabriel Monteiro,6011877094476673,+55 61 2220-5188
Benjamin Costela,4354136711836250,(021) 8967 3291
Erick da Rocha,Android 2.3.3,Profissional de reciclagem
Natália Costa,180046280008314,+55 61 5061 9471
Gabriela Porto,4455205362508910,+55 71 9237-8725
Lara da Conceição,4728662774043,+55 (011) 3318-3682
Larissa Barros,Android 4.2.1,Mecânico de vôo
Sofia Rodrigues,4616500366839838017,(084) 1325 3036
Manuela Santos,6526739779686026,+55 (071) 0173-4034
Sarah Moraes,Android 1.6,Notário
Antônio Correia,Android 4.4.3,Bedel
Bianca Ferreira,Android 3.2.5,Pesquisador
Gustavo Gomes,Android 4.0.4,Arqueólogo
Bruna Souza,Android 2.1,Tecnólogo em silvicultura
Luiza Aragão,Android 3.2.1,Capitão
Srta. Letícia das Neves,Android 2.2.1,Analista de sistemas
Levi Rezende,3551881987909058,(021) 9374-9946
Leonardo Gonçalves,Android 5.0.2,Cambista
Fernando Silva,3566968328744758,+55 31 7466-0840
Mariane Viana,675937908811,+55 (081) 6067 2793
Eloah da Mata,Android 3.2.6,Imunologista
Augusto Aragão,3572622797145060,+55 (031) 4702-0167
Benício Costa,Android 4.2.1,Chefe de cozinha
Maria Fernanda Nunes,Android 4.1.2,Policial militar
Sra. Mariane Cavalcanti,Android 4.4.1,Ginasta rítmica
Fernanda Martins,Android 5.1.1,Vistoriador de sinistros
Vitória da Rocha,3567728693566338,+55 (011) 4738-2771
Daniela Barbosa,Android 5.1.1,Veterinário
Isabella Gomes,Android 4.0.3,Motofrete
Davi Luiz Costa,Android 2.3.2,Intérprete
Pedro Henrique Cavalcanti,Android 3.1,Major
Kevin Moraes,4294136347980772,0800 716 1637
Luiz Otávio Duarte,Android 3.1,Engenheiro de horticultura
Ana Lívia Rezende,Android 4.0,Optometrista
Dr. Kevin Aragão,4206027597219,0800-562-5000
Fernanda Gonçalves,6011794905468866,+55 51 0135 3703
Vitor Hugo Farias,Android 1.5,Gestor de qualidade
Igor da Rocha,Android 2.2,Lenhador
Carolina Porto,Android 4.3,Esgrimista
Milena Vieira,Android 4.0,Reumatologista
Yuri Nunes,30282941522425,(011) 3341-0140
Pedro Lucas Lopes,4716100856131174998,+55 61 2029-6161
João Felipe Gomes,Android 7.1.1,Sonoplasta
Lucca Campos,Android 4.4,Filósofo
Francisco Pereira,Android 8.1.0,Terapeuta ocupacional
Eduardo Silveira,Android 3.2.5,Bóia-fria
Valentina Lima,4552491630824,+55 (071) 7225 6174
Yago Farias,2262699923375511,31 1407 3223
Laís Porto,3542939305606822,+55 (084) 7039 7326
Clara Teixeira,Android 4.1.2,Técnico em rede
Sofia Gomes,4121736519273,+55 51 2211 0073
João Guilherme Dias,Android 2.2.1,Atendente
Pedro Porto,Android 4.1.2,Cirurgião dentista
Joaquim Santos,4080440564928,+55 21 0867 1193
Yago Teixeira,675990208612,+55 (041) 9493-1363
Sophie da Paz,Android 3.2.4,Radiooperador de vôo
Rafaela Ribeiro,Android 1.5,Juiz ou árbitro de futebol
Ana Beatriz Oliveira,Android 6.0,Médico
Dr. Noah Melo,4582744977422298607,+55 (021) 3665 6066
Dr. Pietro Jesus,213150674649229,+55 81 0361-8219
Arthur Barros,Android 2.3.1,Técnico em óptica
Stephany Teixeira,4001937897952431915,+55 (051) 0951-0436
Isabel Barbosa,Android 5.0.2,Roteirista
Gustavo Costa,Android 4.0,Técnico em aviação
Larissa Melo,3594634199866072,0300 007 6461
Sophia Nogueira,Android 1.1,Economista
Stephany Carvalho,Android 1.6,Comandante
Marcelo Freitas,6011656549633413,0900-674-1182
Anthony Fernandes,30091010058702,(011) 2753-5129
Rafaela Cavalcanti,Android 7.1.1,Ilustrador
Gustavo Henrique Farias,Android 7.0,Empresário
Erick Aragão,Android 2.3,Amolador de ferramentas
Dra. Clarice Carvalho,676323847753,(011) 7492 3663
Amanda Porto,Android 3.2.2,Assistente administrativo
Kaique Lopes,4969026496086619204,0300 673 6308
Enzo Ramos,4964501813417,(031) 0980-2181
Enzo Peixoto,Android 2.3.4,Diretor de fotografia
João Pedro Freitas,Android 6.0,Kite-surfer
Sr. Luigi da Cruz,213177976896711,61 6574-1882
Alícia da Costa,Android 2.3.6,Fisioterapeuta
Henrique da Rosa,Android 2.2.3,Técnico em aviação
Elisa Castro,Android 4.1.1,Cientista da informação e documentação
Sophia Farias,2222417311038586,+55 11 1834-8162
Erick Aragão,Android 5.1.1,Navegador
Dr. Yuri Cunha,213131539532537,81 4983-9218
Sr. Leandro da Rocha,3507794264848870,0800-934-4315
Dra. Isabelly Nascimento,Android 2.3.5,Filósofo
Sra. Ana Luiza Lopes,6011844966202694,(051) 4201-7754
Benjamin Pires,2293683570222732,11 9009 9804
Dr. Carlos Eduardo Barros,4253812455126478,+55 (081) 0262-0616
Sra. Kamilly da Rocha,4106329343368718978,+55 (051) 6109-0612
Thomas da Conceição,4182787886701135306,+55 (031) 5501-7245
Lucas Peixoto,180071392788462,(041) 6390 2393
Emilly Aragão,3577820865432890,+55 (061) 3592-2007
Luiz Miguel Souza,213103182552922,(071) 4593-6179
Nathan Santos,Android 5.1,Conferente de expedição
João Gabriel da Costa,Android 7.0,Técnico em segurança do trabalho
João Vitor Pereira,Android 3.2,Mecânico
Maria Fernanda Cavalcanti,Android 4.1.1,Radioterapêutico
Augusto Ferreira,Android 4.4.1,Frentista
João Lucas Dias,3533314103985664,(081) 4792-6025
Luiz Miguel Sales,4962183572838052,+55 (071) 6814-9693
Vitor Hugo Teixeira,180017211860198,0900-576-9371
Amanda Martins,Android 7.1.2,Embaixador
Davi Pinto,36463927627180,11 4253-7522
Luiz Henrique Duarte,Android 3.2.5,Somelier
Alexia Jesus,3582288488581811,+55 84 9398 0110
Mariane Araújo,Android 3.2.2,Técnico de gesso
Nathan da Cruz,Android 7.1.1,Professor
Paulo Moraes,4983317651894,+55 (071) 2452-9259
Srta. Catarina da Cruz,Android 4.2.1,Conferente de expedição
Matheus Silva,3513932776066654,41 1357 7465
Kamilly Martins,Android 3.0,Soldado
Bruna Cavalcanti,Android 2.0,Rebarbador de metal
Olivia Ribeiro,4588761734434938,0300 604 0891
Lívia Rodrigues,4313727746958570,31 2666 3655
Heitor Jesus,Android 7.1,Engenheiro ambiental
Cecília Aragão,Android 1.1,Prático
Bianca Melo,4092220917770,21 5905-0992
Maysa Cavalcanti,Android 4.3,Ministro
Isabelly Santos,Android 6.0,Jogador de golfe
Pedro Miguel Cardoso,Android 2.3.3,Tecelão
Sr. Miguel da Rosa,4236284156013086,+55 41 5916 3267
Dra. Manuela Lopes,344418518718696,+55 (011) 5863-7391
Thales Aragão,4233437697243482881,0800 144 5536
Lorenzo Costela,4967878984221293962,61 4614-7892
João Gabriel Freitas,Android 7.1,Vigia parlamentar
Diego Cardoso,4934140991083079,+55 84 3937 0067
Lucas Gabriel Carvalho,Android 5.0.1,Tatuador
Igor Peixoto,30345158606999,71 3726 5199
Maria Vitória Ramos,2509616354227311,(041) 3189-1309
João Felipe Pires,Android 2.3.5,Obstetra
Kamilly Cunha,639055477850,(021) 3640-1345
Gabriela Jesus,346153759287972,71 1471-6081
Bruna Rezende,Android 2.2.1,Conferente de carga e descarga
Lívia Silva,4723016029523223216,51 8030 4483
João Gabriel Vieira,Android 3.1,Levantador de peso
Cecília Novaes,4488028322553,(021) 7360 6025
Isaac Caldeira,4209089278777,84 2533 7526
Juan Jesus,4013910407492,84 1606-6717
Isis Porto,3508961449129323,+55 51 8329 8758
Otávio Castro,Android 4.1.2,Comissário de bordo
Luigi Lima,Android 3.2.3,Saxofonista
Mariane Farias,Android 2.3.7,Técnico em desporto
Marcelo Silva,3596086134893307,(011) 2479 8748
Maria Julia Moura,Android 4.1.1,Engenheiro petroquímico
Thiago Farias,3531875914130676,+55 31 3034 9373
Sophia da Mata,Android 3.2.1,Cinegrafista
Rafaela Jesus,4777894016533955682,+55 (041) 9922-4824
Lívia da Rocha,3579715048332769,+55 (031) 8826 2964
Júlia Carvalho,Android 3.2.6,Almirante
Raquel Farias,5227755086514523,+55 (021) 1717 4858
Evelyn Rocha,Android 4.0.1,Pneumologista
Dra. Gabrielly da Conceição,060468960996,+55 81 9129 3952
Bernardo da Costa,675976997642,+55 (051) 0919 0800
João Guilherme Aragão,Android 3.2.2,Encarregado de manutenção predial
Igor Oliveira,180017253553339,+55 11 0364 4899
Nicole Viana,4672291883287702,84 8230 9581
Maria Sophia da Mota,Android 2.3.1,Escriturário
Maria Julia Cunha,4595972418003,+55 11 3208 4580
Srta. Sofia Castro,4707334481354026,+55 11 9398-0369
Sra. Raquel Almeida,6011179309684609,+55 84 9386-1085
Sr. Lucca Peixoto,3540464266315471,+55 (081) 3962 4225
Paulo Silva,Android 3.1,Tecnólogo em Ciências das plantas medicinais
Luiz Fernando Costa,Android 7.0,Delegado
Sra. Mariane da Rosa,Android 3.2.6,Funileiro
Dra. Maria Vitória da Mata,Android 2.2,Carteiro
Pedro Henrique Pinto,Android 10,Escritor
Srta. Daniela Fogaça,Android 4.4,Programador
Luiz Henrique Araújo,Android 3.2,Borracheiro
Milena Monteiro,639093543432,(081) 8436 0008
Daniela da Mota,Android 4.4.1,Auditor
Isabella Souza,Android 8.0.0,Geradorista
Maysa Silva,Android 2.1,Gerente de inovações ou novos negócios
Daniela Silva,36191545214947,(071) 5522-0364
Augusto Ramos,Android 4.1.2,Armeiro
João Miguel Silveira,Android 4.2.2,Engenheiro agrimensor
Rafaela Duarte,Android 1.0,Cabeleireiro
Lorenzo da Rocha,4335987554849279,+55 (021) 7768 3374
Benjamin Peixoto,6567986303915658,+55 81 6769 9082
Kevin Ribeiro,4056475740213243095,+55 81 3586 4416
Sabrina Alves,Android 2.2.1,Ceramista
Rodrigo Caldeira,Android 3.2,Profissional de relacionamento com investidores RI
Dra. Emanuella Oliveira,6515462739477823,+55 (071) 8702 0382
Lucca da Luz,30521095910963,+55 71 1338-2625
Igor Gomes,Android 4.3.1,Tecnólogo em produção de bebidas
Agatha Pereira,3558061991552607,51 5201 6916
Gustavo Henrique Ramos,4499080709900,+55 (031) 5422-4133
Lorenzo Gonçalves,639017715819,+55 84 1900 0449
Alexia Correia,Android 7.0,Administrador
Daniel Gomes,3526472481013936,+55 (071) 6679 7413
Kaique Teixeira,Android 4.3,Ferreiro
Clarice Monteiro,379074107936237,+55 (021) 6346 9157
Mariane Costela,Android 4.4,Engenheiro cartográfico
Dr. Raul Ferreira,Android 4.0.1,Produtor de audio visual
Isis Santos,373748513260482,81 9826-0131
Sra. Luna Pires,4691602625055156,(051) 8561 9232
Luiz Fernando da Cunha,4154501747576232,0500 555 1988
Milena Caldeira,Android 4.1.1,Engenheiro de transportes
Ana Vitória da Luz,Android 4.0,Modelista
Enzo Cunha,Android 4.4.3,Tradutor
João Guilherme da Luz,4702170187832,21 4054 4971
Helena Ferreira,3582428500641827,+55 41 5527 6989
Diego Cardoso,Android 4.4.4,Diplomata
Ana Carolina Martins,2720804390533339,(041) 8563 4893
Carolina Melo,30433536473850,+55 41 5770-8831
Isabelly Sales,Android 4.1,Delegado
Sr. Isaac da Rocha,4566446349598352,(061) 4673-9173
Breno Melo,Android 4.0.2,Taxista
Giovanna Souza,Android 4.3.1,Pescador
Vicente da Cunha,36925077501589,(081) 4434-0701
Caroline Silva,4941708239059,31 4493-4250
Felipe da Cruz,Android 2.3.1,Oculista
Sra. Eloah Lopes,572879537338,(081) 7637-3951
Carolina Porto,Android 8.1.0,Coloproctologista
Dra. Kamilly Ribeiro,581283369683,+55 61 9840-8994
João Pedro Rodrigues,Android 2.2.3,Bibliotecário
Dr. Caio Azevedo,Android 4.0.3,Assistente administrativo
João Miguel Teixeira,Android 4.1.1,Escultor
Otávio Porto,Android 4.3,Fonoaudiólogo
Augusto Moreira,346424487211653,+55 31 8566-1903
Sra. Laís Peixoto,Android 4.1,Governador
Sra. Luiza Viana,Android 3.2.1,Geógrafo
Cauê Mendes,2234516582721998,(021) 5762 7954
Heloísa Rodrigues,2272839002507885,+55 (051) 7860-6909
André Araújo,Android 4.4.4,Mecânico
Esther da Mata,Android 4.0,Ambientalista
Diogo Fogaça,Android 4.4.3,Encarregado de manutenção predial
Bernardo Cunha,180073201328472,0900 709 9112
Pietra Viana,Android 2.2.2,Aeroviário
João Guilherme das Neves,373860154193995,(061) 0253 7850
Breno Martins,Android 1.1,Profissional de informática
Lucas Gabriel Vieira,36364594006742,+55 51 7780 2057
Levi Cardoso,180008942621504,+55 (031) 2527-9631
Vicente Barros,2720165375733363,+55 61 0229 2438
Yasmin Rodrigues,4077865877187191,+55 (084) 6221 2274
Cauê Moraes,Android 2.2.2,Militar da Aeronáutica
Dr. Gabriel Costa,4792651824266237,81 8410-2586
Rodrigo Mendes,4470075975368,+55 31 5845-2688
Marcelo Teixeira,Android 2.3.1,Filósofo
Camila Lopes,2497505530562663,+55 51 5090 8364
Srta. Ana Luiza Martins,Android 2.3.3,Editor de mesa de corte
Ana Pinto,Android 7.1.2,Ceramista
Maria Fernanda Silva,Android 3.2.2,Guardador de veículos
Bryan da Mota,Android 4.2,Engenheiro sanitarista
Luiz Gustavo da Rocha,4834320610924,+55 (071) 2606-3138
Alícia da Cruz,4078967747775988,+55 41 3756 9573
Benício Dias,Android 7.1.2,Feirante
Pedro Henrique Melo,Android 8.1.0,Optometrista
Raquel Viana,Android 3.1,Protético dentário
Pietro Martins,373565195835484,(031) 5906 6148
Enzo Gonçalves,180091978204742,+55 (061) 8125-2896
Sophia da Costa,213187164577627,84 9210 7619
Isabelly da Rosa,4415800187672,+55 (084) 6622-5545
Maria Alice Vieira,Android 3.2.2,Jornalista
Maria Cecília Moraes,Android 4.4.1,Designer gráfico
Caroline Silva,Android 4.3,Geofísico
Maria Luiza Souza,3507854839245364,+55 (011) 4461 0601
Thales da Mata,4373959990726356,21 8916-9143
Dr. Levi Jesus,180011393528913,(061) 2619 7385
Mariana Melo,Android 2.3.6,Cozinheira
Miguel Pires,4894063742979,0500 956 0679
Helena Viana,4719364755598145,+55 61 3244-6446
Lara Almeida,4222774840650836,21 8637 5241
Sr. João Guilherme da Conceição,30455977732106,+55 21 9589 7593
Dr. Henrique Fogaça,6515590982533916,+55 84 7860-4881
Nicolas da Rocha,Android 2.2,Mágico
Joana da Mota,4469379200126069600,+55 (031) 0578 3741
Nicolas Jesus,Android 11,Diretor de produção
Maria Fernanda Monteiro,Android 1.1,Mecanógrafo
Maria Luiza Almeida,Android 2.0.1,Implantodontista
Miguel Almeida,Android 1.6,Administrador
Diogo Moura,4680351865683821,0300 229 5706
Sr. Rodrigo Barbosa,Android 4.2.2,Coreógrafo
Sr. Lorenzo Ferreira,3555163202348552,51 0227 3379
Luiz Miguel Pires,Android 4.0.4,Ortodontista
Alexia Teixeira,36631067875377,31 6066-9686
Maria Vitória Aragão,4780712470080506,(051) 8152 5852
Cauã Pereira,342495393000194,+55 (051) 7732 8300
Danilo Moura,Android 2.0.1,Recepcionista
Ana Vitória Gonçalves,Android 3.2.2,Piloto de avião
