Coluna A,Coluna B,Coluna C,Classe
Caio Sales,4338960286895990,61 0186 3082,1
Sra. Clara Silveira,3575708029479091,+55 (081) 8085-4262,1
Diogo Cunha,2250213920610567,21 5979-7957,1
Pietro Pereira,5473615923423406,(084) 7681-8755,1
Maria Gomes,Android 5.0.1,Chargista,0
Luiz Felipe Oliveira,5259000372503612,+55 41 1167-4979,1
Dra. Ana Clara Nascimento,Android 7.1,Assessor de imprensa,0
Bryan Dias,Android 4.0.3,Juiz de direito,0
Davi Lucas Novaes,630434278374,+55 (041) 7128 5982,1
Dr. João Gabriel da Mata,Android 4.2.2,Profissional de relacionamento com investidores RI,0
Matheus Oliveira,344687004083670,0500 681 5059,1
Nicolas Caldeira,Android 1.5,Redator,0
Daniel Jesus,4327839540493714,0800-175-4283,1
Sr. Pedro Miguel Mendes,Android 1.1,Aviador,0
Cauê Castro,4947136552864514,(071) 1295-0902,1
Emanuel Silva,4142464890633244842,+55 21 6859 5327,1
Maria Luiza da Mata,30516650270555,81 8578-2279,1
Renan Porto,Android 7.1.1,Lixeiro/Coletor de lixo,0
Emilly Melo,Android 6.0,Cientista da informação e documentação,0
Maysa Freitas,Android 4.4,Coloproctologista,0
Sra. Lorena Jesus,Android 9,Engenheiro de som,0
Ana Sophia Cardoso,3573260791751689,0300-374-5489,1
Matheus Teixeira,Android 2.3.2,Militar da Marinha,0
Davi Lucas Almeida,Android 1.1,Gestor ambiental,0
Maysa Cardoso,Android 4.4.4,Dublê,0
Emanuel Peixoto,Android 1.0,Sacoleira,0
Dr. Enrico Pires,Android 7.0,Contábil,0
Sra. Carolina Fernandes,6011715541673015,61 0907 0214,1
Olivia Castro,Android 2.2.1,Subprefeito,0
Srta. Laura Teixeira,Android 5.0,Torneiro mecânico,0
Sr. Lucca Fernandes,3534104852695831,+55 81 7131 5482,1
Sarah da Conceição,4489037346456266,61 5631-0126,1
Antônio Duarte,Android 4.0,Cerimonialista,0
Renan Nunes,Android 2.2,Guarda ou policial rodoviário,0
Bruna Freitas,36880133192289,+55 21 8940 0121,1
João Pedro Viana,30443148911114,+55 11 9581 1131,1
Sarah Gonçalves,6566875433338108,+55 (084) 6289 0453,1
Dra. Bárbara Nascimento,4100617429369103,+55 71 0957-5544,1
Lavínia Nunes,Android 7.1.1,Matemático,0
Srta. Sophia das Neves,Android 10,Ajudante de produção,0
Isis Porto,Android 11,Profissional de logística,0
Mirella Ferreira,Android 5.0.1,Babysitter,0
Sabrina Novaes,Android 6.0,Carnavalesco,0
Ana Beatriz Silveira,4394635348769,+55 41 8233-3770,1
Maria Luiza Barros,Android 4.1.2,Dublador,0
Davi Lucas Moura,Android 5.0,Costureira,0
Dra. Lara Lopes,Android 2.3.7,Contabilista,0
Lucca Aragão,4735539856830352,+55 81 2223 4381,1
Luiz Otávio Moura,Android 2.3.1,Técnico em edificações,0
Lucas Gabriel Barbosa,Android 8.1.0,Programador,0
Sra. Emilly Freitas,6554068173910427,+55 (084) 8837-1834,1
Sr. Kevin Barros,Android 1.6,Geradorista,0
Leandro Correia,Android 7.1.1,Esgrimista,0
Dra. Rebeca Farias,3567428341939546,+55 11 0278-0221,1
Sr. Lorenzo da Cruz,Android 2.3.1,Guitarrista,0
Laís Peixoto,3564677823172074,+55 (031) 4318-3716,1
Gabrielly Fogaça,3576090450264121,+55 41 4588 8910,1
Igor Barros,5150906328905141,+55 31 0113-5241,1
Samuel Nunes,3542874491882251,+55 81 6785 1283,1
Paulo Sales,501869391380,+55 (021) 1769-0823,1
Diego Teixeira,675917170739,+55 71 3522 0863,1
Paulo Barbosa,Android 5.1,Serventuário,0
Sr. Bryan Gonçalves,4925531817124676965,+55 (084) 5480 4880,1
João Felipe Cardoso,Android 4.2.2,Corretor de imóveis,0
Srta. Alícia Castro,Android 7.1,Técnico em desporto,0
Yuri Ferreira,Android 5.1.1,Estofador,0
Pedro Miguel da Cunha,Android 3.2.3,Profissional de manutenção industrial,0
Brenda da Conceição,5143272654383076,0500 638 8479,1
Maitê da Costa,Android 1.1,Agente penitenciário,0
Maria Alice Mendes,4923135127438,71 1352-7752,1
Nicole Cardoso,4663625807897,+55 (084) 8257-8620,1
Renan Alves,Android 2.3.5,Cozinheira,0
Valentina Gomes,36607513192948,21 8875-6527,1
Vitor Gabriel Silva,Android 2.3.2,Estampador de tecidos,0
Augusto Porto,Android 3.1,Necromaquiador,0
Dr. Matheus Vieira,4361793133610761,+55 (041) 6500 4648,1
Davi Lucca Rocha,Android 1.0,Cobaia Médica,0
Juliana Costa,4247402655660404920,+55 (084) 7897 5516,1
Thomas Cardoso,Android 4.4.2,Manobrista,0
Srta. Luana Duarte,4092897832798333188,0500-247-6796,1
Emilly Rezende,3590775075647914,+55 (031) 6966 9843,1
Laura Ferreira,4344315892630475,+55 31 0770 0856,1
Miguel Rocha,Android 4.0.1,Vigia parlamentar,0
Diogo Moreira,6535245304771951,+55 11 0665-7944,1
Maria Fernanda Porto,38330037582472,11 0161-2867,1
Heloísa Vieira,3564994287688523,0300-866-0420,1
Eduarda da Mota,213109764208569,+55 21 3227 3661,1
Dr. Rafael Barros,Android 3.2.4,Transcritor,0
Noah Campos,Android 4.0.2,Lutador de kung fu,0
Maitê Cavalcanti,6011255997568336,+55 (071) 3006 0417,1
Vitória Monteiro,340490913651214,+55 (071) 3482-4915,1
Breno Azevedo,213176911103134,81 2413 1162,1
Sr. Felipe Lopes,4805740427289,61 7371-0583,1
Sra. Joana Farias,30371510881781,+55 (084) 6313 9148,1
Maria Luiza Castro,Android 4.0.1,Engenheiro acústico,0
Yago Moraes,583713632771,+55 11 9631-3338,1
Luiz Gustavo Nunes,4805967948857868797,21 3244 4589,1
Dr. Paulo Nunes,3573028737373698,0500 993 6183,1
Matheus Melo,Android 3.2.4,Sonoplasta,0
Luiz Fernando Moreira,Android 2.3.2,Administrador de banco de dados DBA,0
Maria Eduarda Nogueira,4116910078605402,+55 61 0266-0221,1
Marina Barbosa,377817534440245,+55 41 7142-9760,1
João Pedro Costela,4039984845614,+55 (061) 4177 3157,1
Dra. Mirella Rocha,Android 5.1.1,Profissional de recursos humanos,0
Rodrigo da Cruz,348933939064070,+55 (031) 6391-0854,1
Sabrina Barros,4737160046134973,84 2434-4024,1
Alice Nogueira,4115974006449,0500 993 9707,1
Dr. Luiz Fernando da Conceição,3569485944603257,+55 (031) 7941 6419,1
Maria Julia Lopes,4218023849389905,(081) 4193 8212,1
Paulo Novaes,Android 4.1.2,Tenente,0
Isabelly Moreira,6558135353013607,(021) 5140 3274,1
Gustavo Henrique Mendes,Android 2.3.2,Turismólogo,0
João Guilherme Caldeira,Android 1.1,Inspetor,0
Esther Campos,Android 6.0.1,Tecnólogo em produção moveleira,0
Pedro Henrique Nunes,Android 4.3,Quiropraxista,0
Alana Nogueira,Android 3.2.3,Aviador,0
Manuela Moreira,Android 4.2.2,Educador,0
Calebe Moreira,3520788698892473,+55 11 0760 1664,1
Pedro Henrique Moreira,Android 6.0.1,Patologista,0
Maria Eduarda Gomes,4831611671494768263,(051) 0091 1344,1
Pedro Lucas da Luz,6547037376180435,+55 71 6485 1142,1
Ana Lívia da Conceição,4457953386248,+55 41 2194 7417,1
Srta. Caroline Farias,Android 3.2.4,Protesista,0
Yago Castro,Android 3.2.5,Astronauta,0
Emanuella Pires,Android 6.0.1,Cientista,0
Felipe da Costa,4609244919102364784,+55 (011) 6416 0284,1
Srta. Mariane Ribeiro,344170462518362,+55 41 0442 6690,1
Dr. Thales Martins,Android 8.1.0,Fisiculturista,0
Sra. Larissa da Mota,4257169893464136,0300 081 7224,1
Juliana Freitas,6538834695283994,21 6554 8788,1
Ana Luiza Cavalcanti,3550541175450494,+55 (051) 2788 6666,1
Maria Nogueira,Android 3.2.3,Bombeiro,0
Kaique da Conceição,Android 4.0.4,Toxicologista,0
Thiago Pires,30105304754444,+55 (084) 5088-5574,1
Emanuel Gonçalves,4913239351164431,+55 (021) 3198 3255,1
Sr. Felipe Aragão,Android 3.2.6,Profissional de relacionamento com investidores RI,0
Theo Pires,Android 1.5,Tabelião,0
Ana Clara Novaes,Android 5.0.1,Lutador de taekwondo,0
Sabrina Ferreira,Android 3.2,Maitre,0
Ana Carolina Monteiro,377932560784497,61 5905-3250,1
Isadora Souza,Android 7.1.2,Odontologista legal,0
Ana Luiza Rodrigues,4969347267508022,0900-303-6759,1
Benjamin Aragão,3526314178866962,+55 (051) 6826 2848,1
Lavínia da Cruz,180067309635960,+55 (041) 7218-1904,1
Sabrina Peixoto,Android 1.1,Infectologista,0
Olivia Freitas,3581071032699896,11 3754-2566,1
Srta. Daniela Aragão,3500397552998071,(051) 7109-2151,1
Davi Lucca Cardoso,Android 5.0,Profissional de recursos humanos,0
Paulo Farias,4195495477999586346,+55 (061) 0908-2569,1
Ana Julia Freitas,4255236829775364,+55 (051) 7714-3956,1
Lavínia Cavalcanti,Android 3.2,Dogueiro,0
João Miguel da Rosa,4094202817317,+55 41 0495-6048,1
Danilo Freitas,4396411965124897,+55 84 2759 3784,1
Lara Viana,Android 10,Comissário de bordo,0
Bruno Pires,Android 3.2.3,Técnico em tratamento de água,0
Gabriel Farias,Android 4.0.1,Mestre cervejeiro,0
Maitê Ferreira,Android 11,Nutricionista,0
Clarice Pinto,4014120477853644,(081) 2489-6373,1
Thiago da Costa,Android 4.3.1,Dentista,0
Fernando Pereira,4330128650034095,81 6702 6327,1
Renan Cunha,30338941362921,0500-831-0507,1
Emanuelly Araújo,3587338216470251,+55 11 6477-5359,1
Anthony Rezende,4179113985152,+55 31 6772 5449,1
Maria Mendes,Android 7.0,Engenheiro de produção agroindustrial,0
Emanuel Rodrigues,Android 4.2.2,Pastilheiro,0
Alexia Rocha,4340557848252912,+55 (084) 1625 2233,1
Maria Vitória Silva,Android 9,Maitre,0
João da Mata,30145403312421,+55 84 9014-8757,1
Srta. Luna Duarte,4331077103542,(071) 9015-4102,1
Samuel Cardoso,Android 1.0,Protético dentário,0
Nathan Peixoto,Android 2.2.2,Assistente de direção,0
Daniel Vieira,Android 2.0.1,Técnico em agropecuária,0
Paulo Lopes,630437180056,+55 (084) 7562-8759,1
Pedro Nogueira,4998137289660495512,(031) 2733 1772,1
Theo Jesus,345617055896588,0300 592 1717,1
Ana Vitória Gomes,Android 2.1,Artista de circo,0
Luna Pires,Android 4.4.1,Vendedor,0
Luana Campos,30175912730094,(061) 0951 7122,1
Ana Julia Martins,6011902466995215,+55 21 3624-8104,1
Rafael Gomes,Android 4.0.1,Presidente da República,0
Gustavo Almeida,30315488084001,+55 51 0490 4966,1
Diogo Santos,Android 4.0.3,Editor,0
Renan da Paz,676118914552,+55 (061) 4615-4967,1
Alexia Costa,4513383688292780,+55 (071) 4656-8773,1
Luana Santos,3591185994566121,31 7969-7755,1
Isadora Gomes,Android 2.3.4,Triatleta,0
Luiz Fernando Nogueira,Android 2.0,Major,0
Yasmin Mendes,6544366406604590,+55 31 3835-8110,1
Dr. João Vitor Aragão,6513843385779053,+55 (021) 3307 1522,1
Marcela Barros,Android 2.3,Cadista,0
Arthur Costela,Android 3.2.2,Chargista,0
Ana Beatriz da Cunha,4358110718756171,(084) 6906 1018,1
Kaique Farias,3591469394808261,+55 31 1135 6854,1
João Miguel da Cruz,180014074066062,+55 (021) 9166-5816,1
Kaique Farias,4127124614692257,(051) 0108 8765,1
Sophie Azevedo,Android 2.3.4,Headhunter,0
Luiza Freitas,Android 10,Pedreiro,0
Enzo Melo,Android 3.2.4,Guitarrista,0
Maria Melo,4544516188331086,+55 51 7187 3475,1
Evelyn Lopes,Android 2.2.1,Artista/Técnico em espetáculos de diversões,0
Carolina da Paz,Android 5.0.1,Técnico em aviação,0
Marina Silveira,4618484750018956045,+55 (041) 0956 5257,1
Davi Lucas Lopes,4624310177959666,(031) 4575-1077,1
Pietro Nunes,Android 2.1,Jogador de vôlei,0
Maria Julia da Paz,4505424209644627878,+55 (061) 6667 8637,1
Marcela da Rocha,4544640171394933,51 7550 2901,1
Renan Duarte,4058787897518069,+55 41 1348-5451,1
Ana Julia Pereira,561249268195,+55 (061) 8423 2127,1
Mariana Moura,Android 2.3.1,Transportador,0
João Miguel Campos,4092809390874068,31 4155-1084,1
Sr. João Pedro da Rocha,376651822860595,41 0573 7554,1
João Pedro Melo,4409525807342,+55 (021) 8321 9999,1
Yasmin Silva,Android 3.2.6,Juiz ou árbitro de futebol,0
Lucca Mendes,4749520201332967,+55 (071) 5690 3854,1
Gustavo Henrique Teixeira,4684150847235270,0900-615-8611,1
Noah da Cunha,2717830031093099,(081) 3960-4609,1
Sofia Fogaça,346236756360668,51 0555 6312,1
Davi Lucca Campos,Android 7.0,Engenheiro de aquicultura,0
Luiz Otávio da Paz,3579573798058880,0300 434 4268,1
Sr. Cauã Lopes,Android 4.0,Borracheiro,0
Otávio Vieira,Android 4.1.2,Tecnólogo em papel e celulose,0
Laís da Cruz,Android 7.1.1,Ator,0
Emanuella Moreira,Android 1.1,Nutrologista,0
Esther Teixeira,Android 1.0,Ambulante,0
Laura das Neves,Android 3.2.6,Radialista programador,0
Benício Fogaça,4556564724640813,71 7328-6110,1
Dr. Otávio Araújo,2720786757610505,11 3195 0704,1
Yuri Araújo,Android 1.5,Fundidor,0
Isadora Castro,Android 4.1.2,Promotor público/de justiça,0
Ana Vitória Caldeira,676303263260,+55 (051) 5090 1103,1
Henrique Peixoto,Android 2.3.6,Engenheiro têxtil,0
Caio Almeida,Android 4.3,Papiloscopista,0
Matheus Cunha,4524635879927772,+55 (011) 0681 0213,1
Bernardo da Paz,Android 4.2.1,Ambientalista,0
Lucas Fernandes,Android 9,Médico geneticista,0
Theo Gonçalves,4516664618867214,71 2198 8010,1
Laís Ribeiro,Android 11,Assistente de produção,0
Emilly da Cunha,6011997544051734,+55 (051) 5724-2588,1
Mirella Mendes,Android 3.2,Microfonista,0
Dra. Yasmin Costa,349165996245669,+55 81 5930-9796,1
Sr. Emanuel Lopes,Android 4.4.2,Gourmet,0
Maria Alice da Luz,4930838538662,+55 (041) 9704-9418,1
Gustavo Silva,370715210679044,(051) 6863 7093,1
Carolina Cunha,501878362547,+55 41 5159-3935,1
Ana Lívia Ferreira,30272178151725,+55 11 9507-7971,1
Luiza Melo,4451493298737746,(071) 2512 2336,1
Rafael Duarte,30495014647396,(061) 0423 1851,1
Sra. Camila Melo,30273731803349,(071) 4652-1794,1
Renan Farias,Android 4.0,Contabilista,0
Dr. Felipe Fogaça,4866739594075,+55 (011) 2842-5706,1
Dr. Marcos Vinicius Aragão,Android 4.4.1,Luthier,0
Daniel Aragão,3575071290388867,(041) 0549 8954,1
Vinicius Freitas,Android 7.1.2,Entalhador,0
Bernardo Viana,Android 4.4.4,Gestor de tecnologia da informação,0
Julia Cavalcanti,4728353052355316,+55 84 7898-6210,1
Kamilly Rezende,342940297345963,(084) 1880-0684,1
Pedro Henrique da Cruz,4934885966348373372,84 4948-5809,1
Luiz Miguel Porto,Android 4.0.2,Zootecnista,0
Dra. Sofia Martins,Android 2.2.1,Eletricista,0
Valentina Lima,Android 4.1.2,Comandante,0
Luiza Cunha,Android 7.1.1,Profissional de informática,0
Isabelly da Mata,4331255876943061,+55 (051) 0509 6168,1
Giovanna da Costa,Android 4.0.2,Engenheiro ambiental,0
Dr. Ryan Nogueira,060480969207,61 9071 5353,1
Cauã Nogueira,Android 8.1.0,Timoneiro,0
Srta. Helena Gomes,676239352963,+55 84 4886-1614,1
Srta. Stephany Lopes,Android 2.3.6,Presidente da República,0
Dra. Ana Lopes,Android 6.0.1,Cobrador de pedágio,0
Thales Ferreira,30176561886831,(011) 2107 3296,1
Ana Júlia da Costa,Android 2.3.3,Mecanógrafo,0
Alice Moreira,Android 4.1.1,Ginasta artística,0
Vinicius Nunes,180003901736989,0900 477 5614,1
Sra. Beatriz da Rocha,30004350903866,+55 (061) 6488-0597,1
João Costa,4597154799226671,(011) 3089-8453,1
Fernando Castro,4601216127096094,0300-641-1337,1
Caio Barros,3520554817509095,+55 61 7661-9560,1
Carlos Eduardo Porto,4934228647141480,+55 61 2680 1101,1
Benício Lopes,Android 7.1.2,Capelão,0
Rodrigo Mendes,Android 5.0.1,Toxicologista,0
Benício Castro,Android 2.3,Tecnólogo em processos químicos,0
Srta. Pietra Araújo,Android 4.4.1,Engenheiro civil,0
Miguel Cavalcanti,3593571204032806,11 5100-1820,1
João Gabriel Duarte,Android 4.4.4,Remador,0
Júlia Vieira,Android 8.1.0,Engenheiro agrícola,0
Rafaela Azevedo,5375110408278110,21 2775-6991,1
Enzo Barros,Android 4.3.1,Oftalmologista,0
Luigi Novaes,30030299171927,(021) 4690 8051,1
Dr. Pedro Lucas Nunes,2394298851165548,+55 (061) 0021 8620,1
Antônio Lima,Android 4.4.2,Jogador de handebol,0
Alícia Novaes,Android 8.0.0,Procurador de justiça,0
Vitor Hugo da Rocha,Android 4.0.2,Engenheiro de iluminação,0
João Gabriel Campos,Android 4.0.3,Instrumentista musical,0
Maria Fernanda das Neves,4489636588928567,(021) 3211-7727,1
Stella Costa,4766854940403664580,0500-432-2661,1
Sr. Kaique da Luz,Android 1.5,Boticário,0
Ana Júlia Pires,30276354920340,61 4152 2077,1
Rebeca Lopes,Android 4.4.1,Marechal,0
João Vitor Silveira,4790482640058752,(031) 2803-4004,1
Ana Luiza Santos,5464454738999132,71 1704-3761,1
Luiz Henrique Duarte,Android 4.4.4,Letrista,0
Dra. Maria Clara Silveira,6570176006917392,0800-970-8994,1
Eduardo Jesus,Android 2.2.2,Senador,0
Dra. Sabrina Pinto,Android 2.3.3,Caixa,0
Leandro Sales,Android 7.1.2,Cineasta,0
Lorenzo Araújo,Android 5.0.1,Físico nuclear,0
Antônio Mendes,6526385006157660,11 7184-1042,1
Gustavo Henrique Araújo,213156493428232,31 7527 3149,1
Dra. Pietra Moraes,4116041592551136606,+55 41 8174-5663,1
Miguel Nogueira,180075178435123,11 3990-2478,1
Pietro Nogueira,Android 1.0,Eletricista,0
Diego Azevedo,6541396701223138,(051) 2451-6676,1
Thiago Farias,4949188565671066777,(051) 3912 8242,1
Sra. Vitória das Neves,Android 8.0.0,Anestesiologista,0
Ana Vitória Fogaça,2233127253406389,31 4731-5033,1
Nina Mendes,6011098372492049,81 9053 8108,1
Bryan Moreira,Android 2.3.4,Cientista de alimentos,0
Felipe Cardoso,6011951254741034,(021) 6830 3833,1
Benjamin Gomes,4635010993206677067,+55 (061) 8756-3858,1
Rodrigo Silveira,Android 4.0.3,Protesista,0
Heitor Fernandes,4550530887439,31 9221-8482,1
Davi Luiz Lima,4270455525794476,(011) 1168 1054,1
Maria Fernanda Monteiro,501885801982,+55 81 3568-2436,1
Isadora Campos,501829551420,(071) 6302 9635,1
Dr. Fernando Rocha,Android 4.1,Técnico em segurança do trabalho,0
Maria Fernanda Ribeiro,Android 4.1,Somelier,0
Levi Moura,4454554894200897,(011) 4497-5283,1
Lara Jesus,Android 4.4.2,Farmacêutico,0
Danilo Martins,Android 2.1,Patologista oral,0
Sr. Thomas Ferreira,2232199979653116,0800 272 6497,1
Juan Alves,4219566555611846,+55 (031) 0147-5281,1
Cecília Lima,4358596430689247,0900-107-1672,1
Yuri Nogueira,Android 10,Montador,0
Emilly Cunha,Android 8.0.0,Delegado,0
João Guilherme Almeida,4114200930105407077,(084) 1678-6571,1
João Guilherme Viana,Android 4.3.1,Tabelião,0
Stella Lopes,676134035796,0300-172-5547,1
Fernanda Nunes,377696702738428,(071) 1499-6328,1
Yuri Souza,Android 4.1.1,Tecnólogo em silvicultura,0
Eloah Rodrigues,4005632025273555,+55 (031) 8452-4082,1
Bernardo Azevedo,Android 5.1,Professor,0
Bruno da Conceição,Android 1.0,Feirante,0
Erick Melo,Android 3.2.2,Promotor público/de justiça,0
Vicente Fernandes,Android 4.1.1,Intérprete de Bíblias,0
Marcela Ribeiro,Android 4.4.1,Ombudsman,0
Sr. Eduardo Cardoso,Android 5.1,Cirurgião dentista,0
Dra. Sabrina Ribeiro,Android 4.0.4,Jogador de handebol,0
Rafael da Mota,Android 4.4.4,Corretor da bolsa de valores,0
Lucas Gabriel Teixeira,5251321664247330,(021) 4188 8699,1
Bruna Freitas,Android 2.3.2,Jogador de futebol,0
Ana Julia Oliveira,Android 3.2.6,Office-boy,0
Marcela Fogaça,4294668223665929,+55 (084) 3357 4924,1
Leandro da Rosa,4212051023978843,21 5149-4042,1
Isadora da Rosa,Android 4.1.2,Degustador,0
Pietra Almeida,3524666662526358,(081) 6192 7133,1
Stephany Ramos,213166540777598,+55 (031) 4730-7630,1
Sarah Farias,675954536768,0800 881 0641,1
Ana Lívia Azevedo,3590356648238588,(041) 4729-6410,1
Maria Fernanda da Conceição,30414076130084,+55 (021) 4790 1655,1
Sr. Davi Martins,Android 3.2.6,Cambista,0
Sr. Pedro Lucas Ribeiro,6508475103830970,+55 (071) 2560-9186,1
Melissa Pinto,36911160447666,+55 (051) 2689-5941,1
Maysa Moura,213149111067201,+55 11 9256-0463,1
Guilherme Santos,347469712770246,(061) 3104 4431,1
Daniel da Conceição,4474629233259618,+55 (021) 3024 2722,1
Sra. Valentina Pereira,Android 7.1,Bailarina,0
Sra. Elisa da Rocha,Android 2.0,Lutador de taekwondo,0
Maria Luiza Cardoso,5241292407151985,+55 21 9520-9765,1
Samuel Pereira,Android 3.2,Arranjador musical,0
Pedro Henrique Santos,Android 4.0,Consultor de radiestesia,0
Mariane Fogaça,Android 1.1,Zootecnista,0
Bruno da Cunha,2702154030821005,+55 (051) 9054-3025,1
Bruna Costa,Android 3.2.2,Assistente de câmera,0
Raul Rezende,6011903773123368,+55 31 2401-3801,1
Dra. Luiza Porto,575509326345,(081) 0336-6041,1
Lorena Silveira,3528966426390729,84 4687 2432,1
Sr. Enzo Gabriel Mendes,Android 4.0.1,Fisiculturista,0
Sra. Sophia Dias,6011628455465148,0800 480 7628,1
Yasmin Gonçalves,Android 2.2.1,Esgrimista,0
Calebe Ferreira,213157028980077,0900-883-3405,1
Maria Sophia Rezende,343729491502456,11 8681 3029,1
Sra. Cecília da Paz,Android 4.0.2,Servente-de-obras,0
João Gabriel Peixoto,Android 3.0,Engenheiro petroquímico,0
Dr. Lorenzo da Luz,Android 2.2.3,Engenheiro de transportes,0
Ryan Oliveira,Android 4.4.3,Corretor da bolsa de valores,0
Arthur Dias,3530276961269353,21 5704 4828,1
Isabel Costela,Android 4.1,Moldador,0
Dr. Thales da Conceição,180022380267340,+55 41 8767 2593,1
Davi Luiz Castro,4251266100731509,(011) 0707 3813,1
Stella Cunha,Android 5.0,Auditor,0
Gabriela Teixeira,348269473674911,+55 (071) 1893-1769,1
Bruna Moreira,Android 4.4.3,Soldado,0
Sr. Gabriel da Costa,3537807729331102,+55 11 8995-5553,1
Diogo Nascimento,4769798809560966,81 4900 5278,1
Vitória Novaes,Android 2.2.1,Otorrinolaringologista,0
Sra. Lara Campos,213111045853882,(021) 8582 4834,1
Ana Vitória Oliveira,4348297927509609,(011) 1949-8393,1
Ana Costa,4858141435716,+55 41 6602 4010,1
Julia Barbosa,Android 2.3.3,Guincheiro,0
Guilherme Martins,4087914406867467992,+55 (084) 7356-6461,1
Catarina Martins,4982271715467987178,0900 012 5970,1
Joaquim Melo,Android 2.2.2,Mecânico de vôo,0
Sra. Ana Lívia Rocha,6011407714871390,21 2605-5149,1
Dr. Alexandre da Paz,3512810676391680,+55 61 3975-8798,1
Laura Rocha,Android 4.4.2,Atleta de canoagem,0
Isadora Dias,Android 4.3.1,Angiologista,0
Dra. Alana Nascimento,Android 3.2.5,Toxicologista,0
Davi Luiz Vieira,4547921951954709131,81 9016-9625,1
Alana Duarte,3506144161978084,81 0865 6430,1
Sr. Noah Almeida,Android 2.3.3,Policial militar,0
Sr. João Lucas Gonçalves,Android 2.3,Engenheiro mecânico,0
Vicente Nogueira,4254560238204927,0800-094-9606,1
Pedro Lucas Pires,345972108143680,51 8016 8216,1
Lara Nascimento,4130951099900085,+55 31 3222 8318,1
Sra. Ana Sophia Dias,180030973418832,71 2900-2350,1
Marcela Ferreira,Android 10,Balconista,0
Emanuella das Neves,Android 2.2.2,Sonoplasta,0
Sr. João da Conceição,Android 4.4,Fiscal,0
Pietro Carvalho,213189234785156,+55 61 5432 4990,1
Maitê Teixeira,3542150818418727,+55 71 8697-9628,1
Francisco Fogaça,Android 4.3,Capoeirista,0
Bianca Caldeira,Android 3.2.2,Marinheiro,0
Dr. Nathan Gonçalves,378091488395453,(031) 4070 0949,1
Maria Clara Viana,4907766450029660050,51 8519 0957,1
Raul Alves,Android 1.5,Engenheiro civil,0
Arthur Farias,3588488935702432,+55 (031) 5377 7399,1
Ana Moreira,3583978413706421,51 2316 8777,1
Srta. Ana Sophia Barbosa,3566858749499118,+55 (061) 0275 2107,1
Rafael Novaes,Android 3.2.3,Penhorista,0
Dra. Amanda Alves,Android 4.0,Selecionador de pessoal,0
Antônio Carvalho,180049248287830,(061) 7055-7458,1
Davi Luiz Pereira,Android 5.0.2,Marinheiro,0
Lucas Gabriel Farias,Android 3.2,Costureira,0
Juliana Pereira,344210797187374,+55 84 3237 6393,1
Heloísa Rezende,Android 4.1,Microfonista,0
Dr. João Guilherme Melo,Android 4.0.1,Engenheiro de produto ou produção,0
Dra. Bárbara Teixeira,Android 3.2.1,Personal trainer,0
Gabriel Costela,4640455225572,21 1765-7035,1
Benício da Paz,6011354867096526,+55 84 1418 2435,1
Sabrina Duarte,Android 7.1,Consultor de moda,0
Sr. Fernando Rodrigues,Android 5.0.2,Engenheiro petroquímico,0
Vicente da Mota,Android 4.3,Despachante,0
Dra. Bruna Cunha,Android 2.2.3,Tecnólogo em recursos pesqueiros,0
Sr. Luiz Gustavo Souza,Android 5.0.1,Técnico de som,0
Alexandre Campos,6011717016452255,0800 321 4604,1
Isaac da Luz,2298845653946785,(071) 6568-7627,1
João Lucas Correia,Android 2.3.4,Engenheiro sanitarista,0
Lucca Barbosa,370499799359290,+55 11 0982 8780,1
Enrico Correia,4637102510208,51 3891 4855,1
Ana Novaes,3525746904724018,51 8709 5275,1
Helena Sales,4011629952881,51 6822 3297,1
Carlos Eduardo Ferreira,Android 2.1,Bóia-fria,0
João Gabriel Nunes,30423441167861,81 1487 2576,1
Ana Lívia Gonçalves,Android 4.4.4,Tecnólogo em automação industrial,0
Diogo Rocha,4022081316251269,+55 41 1191-3853,1
Pedro Barbosa,5515546945121415,+55 31 7880 7755,1
Stephany da Costa,373513776483514,+55 81 9935 9632,1
Ana Carvalho,Android 5.0.2,Flanelinha,0
Srta. Ana Moraes,Android 2.3.3,Ceramista,0
Natália da Cunha,6595584980433321,(084) 0116-6657,1
Diego da Paz,4005948379055672628,31 1380 3746,1
Sabrina Cavalcanti,346063344518411,+55 61 9373 1624,1
Sr. Renan Peixoto,4604500764323606120,81 0378-6973,1
Giovanna Almeida,342758598314821,+55 (081) 9456 3568,1
Pietro da Rosa,3547963192749219,+55 (081) 1546-4372,1
Sr. Gabriel Novaes,563943053600,0500 102 4551,1
Melissa Costela,4356068416698354,+55 (081) 6009 6056,1
Antônio Araújo,3541774933373292,(051) 5516 7067,1
Lorenzo Duarte,180002764508295,(051) 1058-8409,1
Dra. Agatha Monteiro,4896775021287,+55 21 0667-4852,1
Sarah Duarte,Android 3.2.4,Profissional de cinema,0
Dr. Enrico Farias,Android 6.0,Engenheiro de supply chain ou logística,0
Otávio Araújo,4860309505799425,+55 (081) 0685 7881,1
Alexandre da Mota,Android 4.4.1,Astrólogo,0
Manuela Viana,Android 6.0,Jogador de hóquei,0
Fernanda Porto,585371897240,84 9850-0867,1
Nina Fogaça,Android 2.3.7,Engenheiro de telecomunicações,0
Maria Julia Gomes,36964012691874,51 5140 5820,1
Marcela Gonçalves,3563408652322791,+55 71 4793 1926,1
Cecília Ramos,2442177440634465,+55 41 5431-5877,1
Rafaela Nascimento,3521129089483888,(011) 0975 7317,1
Gabriela Souza,3542471735898258,61 2007 9368,1
Dr. Vicente Gonçalves,30139296634934,0300-868-8791,1
Rafael Castro,180055361691823,+55 61 4504-0302,1
Enzo Peixoto,Android 9,Investigador de Polícia,0
Lavínia Ribeiro,Android 2.1,Pizzaiolo,0
Lucas Viana,Android 7.1.2,Ombudsman,0
Henrique da Luz,Android 3.2.5,Agente funerário,0
João Guilherme Vieira,2458964722794286,(071) 4284 8646,1
Calebe Gomes,3586784459976184,71 3430-6869,1
Ana Laura Almeida,30503195414088,(011) 3302-4519,1
Giovanna Novaes,Android 3.2.5,Torneiro mecânico,0
Alícia Sales,Android 3.2,Gestor de tecnologia da informação,0
Ana Lívia Carvalho,4587330995962,0300 991 4080,1
Lucca Teixeira,Android 4.0.4,Cabo,0
Leandro Alves,Android 5.1.1,Arquivista,0
Enzo Barros,345650516636293,(051) 9522-4066,1
Raquel Rocha,Android 3.2.1,Nutrologista,0
Larissa Costela,374516629060032,(031) 7612 3800,1
Alexia Alves,639027386999,(061) 4107 1878,1
Luiz Miguel Araújo,180094342195323,+55 (041) 2760 0411,1
Marcos Vinicius Nascimento,Android 4.0.1,Estilista,0
Mariane da Rocha,Android 10,Engenheiro de produção agroindustrial,0
Maria Clara Teixeira,36565065093288,(051) 9893 9147,1
Dr. Paulo Monteiro,Android 4.4.4,Escultor,0
Otávio Porto,38719952606060,(011) 0594-5523,1
Sr. André Almeida,345647341580779,+55 31 9092 7643,1
Ana Carolina da Rocha,Android 2.2.3,Mecânico,0
Dra. Ana Carolina Almeida,Android 2.3,Telegrafista,0
Elisa Rezende,4428782237505534587,(041) 4853 1000,1
João Pedro Farias,Android 1.1,Tecnólogo em negócios imobiliários,0
Pedro Miguel da Mota,3578084390371037,+55 81 9773-2362,1
Thales Duarte,4848580656712642,(061) 0658-0740,1
Sr. Diego Gomes,575533604857,51 2105 6783,1
Júlia Jesus,6011636781660217,0500-370-3220,1
Raul Porto,4365302763381,+55 (084) 9951-9269,1
Kevin Silva,4572587177961501,(081) 3304-5199,1
Erick Novaes,30511425755048,0900 155 3623,1
Melissa Rodrigues,Android 4.4,Intérprete e tradutor de língua de sinais,0
Bárbara Nogueira,Android 2.3.5,Clínico geral,0
Clarice Gonçalves,3565955658624586,(081) 2629 9223,1
Dr. Davi Lucca Barbosa,30055052143219,+55 (071) 7988-5094,1
Leonardo Rocha,6011472142131833,11 0889-1682,1
Clarice Nogueira,3556656333367796,(041) 2481 1231,1
Lívia Barbosa,3531620633579658,(071) 0226-8267,1
Dra. Isis Jesus,38859140619599,21 9138-4924,1
Letícia Porto,4492048533892,+55 (071) 2984 0579,1
Juan Cardoso,180041779118195,0800-493-4415,1
Kaique Cavalcanti,213144401562219,+55 41 6719-1119,1
Matheus Rocha,Android 4.2.1,Militar da Aeronáutica,0
Vicente Sales,342480022370572,+55 (021) 6007-3863,1
Diogo Pinto,Android 4.3,Instrutor,0
Amanda Pinto,Android 4.1.1,Porteiro,0
Emanuelly Silva,4004371371844382444,+55 81 8178 8138,1
Matheus Pereira,4798938880395,+55 84 6486-8618,1
Yuri Campos,Android 4.4,Sargento,0
Luiz Felipe Nunes,341885038221323,71 3294-3047,1
Breno Castro,30359567229723,+55 (031) 3393 4142,1
Pedro Miguel Souza,676360830910,+55 31 4228-5251,1
Levi Melo,Android 4.0,Terapeuta Holístico,0
Cecília Rezende,38324234028512,+55 51 2890 8532,1
Rodrigo Mendes,30511334757846,(071) 8103 0799,1
Fernanda Rocha,Android 3.2,Artista/Técnico em espetáculos de diversões,0
Fernando da Rosa,Android 5.1.1,Político,0
Ana Luiza Lima,Android 6.0.1,Mecanógrafo,0
Eduarda Freitas,Android 2.2.2,Telefonista,0
Vicente da Rocha,4576741795544258,(021) 8941-4696,1
Ana Vitória da Mota,346402458457893,(031) 5443-5395,1
Joaquim Pereira,Android 4.4.2,Figurante,0
Marina das Neves,3569532747152212,+55 (041) 0574-4431,1
Eloah Lopes,Android 7.1,Produtor editorial,0
Lucas Gabriel Almeida,Android 4.0.2,Escritor,0
Agatha da Costa,30128707003151,61 9782-4800,1
Dr. Antônio Castro,30267404056169,(051) 1621 2882,1
Eduardo Rodrigues,4095667180635058,(031) 9802 5535,1
Francisco Ferreira,676223941847,(061) 6415-2505,1
Enzo Costela,Android 8.1.0,Tenente,0
Maria Luiza Monteiro,Android 3.2.4,Pizzaiolo,0
Esther Monteiro,Android 4.3,Pianista,0
Dra. Kamilly Silveira,349322861472106,11 3031-0511,1
João Gabriel Monteiro,Android 5.1,Corretor de imóveis,0
Ana Beatriz Mendes,30204080020458,0500 724 9386,1
Brenda da Cruz,Android 4.2,Flautista,0
André da Cunha,Android 10,Intérprete,0
Mariana Melo,639059280896,61 9701-2152,1
Anthony Ferreira,Android 7.1,Ortesista,0
Nicole Fernandes,6011852889202444,(031) 8481 2680,1
Isadora Barros,Android 3.1,Coreógrafo,0
Heitor Almeida,Android 1.0,Judoca,0
Heloísa da Mota,Android 3.2,Jogador de vôlei,0
João Melo,Android 2.3.3,Massagista,0
Lavínia da Luz,Android 3.2.6,Geofísico,0
Sra. Laura Dias,Android 7.1.1,Técnico em documentação,0
Sofia Azevedo,4367109608528608,0800-407-5441,1
Yasmin Cunha,30577625441473,84 6349 8923,1
Dr. Lucas Martins,4573587010861,81 3808-7476,1
Danilo Peixoto,5379437386283937,(084) 4223-8519,1
Thomas Teixeira,Android 2.2,Engenheiro agrícola,0
Pedro Miguel Cardoso,Android 4.4.1,Timoneiro,0
Srta. Isabelly da Cruz,Android 2.3.2,Cambista,0
Cauê Souza,6011671559338977,+55 (051) 3786 3239,1
Cecília Cunha,Android 5.1.1,Saxofonista,0
Lavínia Cardoso,Android 5.1.1,Assistente de direção,0
Diogo da Luz,Android 5.1.1,Artesão,0
Pedro Lucas Sales,4547180134574327404,+55 (011) 5535-7269,1
Dra. Ana Laura Moraes,Android 3.2.3,Telefonista,0
Isis da Rosa,564494524809,+55 61 6070-8211,1
Srta. Gabriela das Neves,2720437481850047,+55 61 4455 9974,1
Kaique Rodrigues,2252767968646310,(081) 0223 5070,1
Davi Lucca Moraes,Android 2.3.7,Crítico,0
Srta. Sabrina Freitas,Android 7.0,Dançarino,0
Camila Fernandes,Android 4.3,Armeiro,0
Renan da Rosa,Android 4.2.1,Orçamentista,0
João Felipe Teixeira,4470844831550544034,84 2181-3563,1
Letícia Moreira,Android 1.0,Engenheiro petroquímico,0
Fernanda Teixeira,Android 2.2,Ilustrador,0
Bruna Souza,6519290624383053,0300 119 7318,1
Thales Farias,Android 2.0,Figurinista,0
Rodrigo Aragão,3531351620984277,31 0051-4024,1
Breno Moreira,6011563630339654,+55 81 9152-4951,1
Marcelo Alves,Android 2.3.3,Jardineiro,0
Sra. Eduarda Souza,378467730418733,84 7344 5976,1
Isabella Azevedo,Android 3.2.5,Profissional de manutenção industrial,0
Clara Costela,6011156638277487,(031) 7761 1602,1
Luiza Cavalcanti,4460630217572030,+55 (061) 6140-7600,1
Juan da Rocha,Android 6.0.1,Somelier,0
Erick Viana,Android 3.2.4,Carpinteiro,0
Srta. Brenda Cunha,5266149826832597,+55 11 1076-4951,1
Alexandre Vieira,Android 5.0,Somelier,0
João Miguel Mendes,Android 7.1.1,Ombudsman,0
Dr. Cauã Ramos,676162675216,(051) 1345 5465,1
Isadora Alves,213174527492272,0800 780 0579,1
Raul Ferreira,Android 3.2.4,Ascensorista,0
Gabriela Barros,Android 6.0,Compositor,0
Lívia Souza,Android 4.4.3,Repositor,0
Mariane da Costa,Android 3.2.3,Massoterapeuta,0
Vitor Hugo Duarte,Android 4.4.4,Leiteiro,0
Dr. Lucca da Cruz,Android 7.0,Passador,0
Ana Almeida,Android 5.1.1,Dublê,0
Nicolas da Costa,30550399604683,71 9830 4205,1
Sr. Thomas Gonçalves,Android 5.0.1,Ceramista,0
Emanuel da Costa,3545687610062804,+55 (051) 2978-3167,1
Vinicius Cardoso,Android 5.0,Profissional de relacionamento com investidores RI,0
Isaac Caldeira,2304199545087651,84 6654-4061,1
Nathan Alves,213141292921728,(084) 8994 8021,1
Isadora Ferreira,Android 4.4.2,Secretária,0
André Lopes,4226886610975031,51 3579 6664,1
Lorenzo Silva,Android 8.1.0,Dançarino,0
Bruno da Paz,4651147653550530592,+55 (084) 1454-3167,1
João Felipe Martins,6518190923017223,+55 21 9537-5481,1
Luiz Otávio da Rocha,4741854528220813,31 1491-6477,1
Sra. Ana Luiza Teixeira,5228304554042821,(071) 4431 0846,1
Rafael Silva,3547202715257131,(061) 4215 0813,1
Dra. Mirella da Cunha,4686666455333055,+55 (041) 5241 0829,1
Marina Carvalho,Android 1.5,Policial federal,0
Srta. Ana Luiza Aragão,2294424006557881,(031) 7927-2776,1
Lavínia Fogaça,Android 2.3.7,Auditor,0
Letícia da Cunha,Android 4.4.4,Perito judicial,0
Marina Rezende,Android 4.4.4,Profissional de relações públicas,0
Augusto Correia,Android 4.4.1,Comerciante,0
Mariane Freitas,Android 1.6,Alfaiate,0
Leandro Castro,4607398206728446015,+55 (031) 2642 9170,1
Marcos Vinicius Oliveira,Android 2.3.6,Copeiro,0
Dr. Marcos Vinicius Correia,3562637361030672,+55 (081) 2198-4268,1
Davi Campos,Android 9,Cenotécnico,0
Sr. Lucca Pereira,4514130800010,84 9142-0085,1
Emilly da Mota,2704744701031302,61 2712-2725,1
Emilly Sales,30373871925314,+55 71 1834 0137,1
Davi Sales,579266948267,(021) 2382-0431,1
Isabel Costela,6011846467282273,0300 880 9688,1
Calebe Gomes,6011781377273056,+55 21 0706 5105,1
Yasmin da Cruz,4479911015289483,84 1517 1491,1
Bryan Dias,Android 4.4.1,Aeroviário,0
Sophia Ramos,503863434570,+55 21 7851 9828,1
Sra. Mirella Cunha,4032668935922698,+55 71 0990-0654,1
Luiz Felipe da Cruz,Android 5.0,Farmacêutico,0
Lívia Aragão,Android 4.0.2,Mestre cervejeiro,0
Mariane Pereira,3500147638174696,+55 84 0985-5707,1
Enrico Melo,4273611008711923303,(021) 5425-4027,1
Ana Lívia Alves,3536310636956781,(061) 6700 9953,1
Heloísa Nunes,Android 4.0.1,Continuista,0
Rebeca Freitas,6011947136781354,+55 (084) 9514 6462,1
Melissa Melo,180058156733644,+55 (071) 7986 3813,1
Gabriela Melo,3508856865393561,61 7041-8519,1
Alícia Aragão,Android 5.0.2,Analista de sistemas,0
Dra. Stephany Pereira,Android 4.0.4,Comissário de bordo,0
Srta. Ana Lívia Porto,Android 1.1,Gestor de tecnologia da informação,0
Rebeca da Cunha,Android 3.0,Roteirista,0
Bárbara Vieira,180092760200534,+55 51 5487 4062,1
Gustavo Mendes,3537704236452549,+55 81 4925-9558,1
Davi Lucca Porto,Android 7.0,Psicólogo,0
Pedro Henrique da Cruz,Android 4.0.3,Lutador de karatê,0
Nathan da Rocha,Android 4.4.3,Tecnólogo em jogos digitais,0
Natália Alves,3513576789776146,(021) 5352-3948,1
Lorena da Mata,Android 2.2.3,Cirurgião bucal,0
Maria Luiza Monteiro,4816453682671992,+55 84 8103-6744,1
Eduarda Duarte,Android 2.3.7,Auxiliar de reprografia,0
Brenda Lopes,Android 2.0,Polidor de produção,0
Isabelly Moura,4018111992038080,31 9950 0882,1
Theo Jesus,Android 5.0,Aeronauta,0
Srta. Emilly Ribeiro,Android 4.4.2,Penhorista,0
Valentina Almeida,4247355369243,(041) 3802-2172,1
Luiz Otávio Aragão,Android 4.2,Continuista,0
Maria Eduarda Souza,Android 4.4.4,Laboratorista,0
Daniela Melo,Android 4.2.2,Engenheiro ambiental,0
Pedro Lucas Cavalcanti,Android 4.3,Lancheiro,0
Mirella Gomes,36790016248902,+55 (051) 3205-2142,1
Dr. Luiz Henrique Ribeiro,4987655764514210593,+55 (041) 8544-3465,1
Erick Barbosa,Android 3.2,Fundidor de placa de gesso,0
Ana Nunes,3520137701215100,+55 41 1781-0441,1
Bryan Nascimento,Android 2.2.3,Impressor,0
Olivia Porto,Android 4.0.4,Sonoplasta,0
Sophie Cardoso,Android 4.4.4,Coreógrafo,0
Sr. Otávio Sales,6011473711696685,0900-911-5259,1
Dr. João Vitor Correia,Android 1.5,Intérprete de Bíblias,0
Clara Almeida,3560218468315365,+55 71 7760-5123,1
Mirella Nascimento,Android 8.0.0,Escriturário,0
Pedro Miguel da Cunha,371099289257522,+55 (021) 5862-9903,1
Dra. Ana Laura da Luz,4037876828466,+55 (011) 1386 2877,1
Sophia da Mata,180032193791097,0800-421-9382,1
Diogo Duarte,Android 3.2.6,Lutador de kung fu,0
Gabrielly Ramos,3517849401499199,(051) 3732 8796,1
Leandro Correia,588013900091,+55 (081) 9808-4597,1
Isabelly Barbosa,6011457696453568,+55 (051) 8290 0173,1
Ryan da Rocha,Android 2.3.1,Toxicologista,0
Alice Ferreira,3530055579488682,+55 (081) 6310 0614,1
Laura Novaes,561781366001,84 6155 4768,1
Arthur da Cunha,Android 7.1,Ufólogo,0
Sr. Murilo Silveira,4858538529522983,(011) 8500-1993,1
Luiz Otávio Gonçalves,Android 3.2.5,Químico farmacêutico,0
Pietra da Cunha,4682869665754953,0800 198 3337,1
Sr. Thiago Cavalcanti,Android 4.4.3,Grafologista,0
Leonardo Jesus,30494699249149,31 6932-9036,1
Erick Azevedo,6556743327901864,(071) 4898 5655,1
Samuel Novaes,6011317662257304,11 9675-7729,1
Lucas Fogaça,6509340088231892,+55 (061) 3315 7853,1
Sr. Thales Carvalho,38249556846631,+55 (021) 6438-1278,1
Juliana Fogaça,Android 2.0.1,Militar da Marinha,0
Yasmin Araújo,Android 3.0,Mensageiro,0
Eduardo Caldeira,4048162212647846690,0500-428-6599,1
Dr. Lucca Azevedo,Android 3.2,Zelador,0
Yuri Gomes,Android 2.0.1,Ginasta rítmica,0
Sr. Benjamin da Cruz,Android 4.0.2,Médico legista,0
Clarice Oliveira,377093855022349,0900 105 0396,1
João Vitor Novaes,4924563957403,+55 (051) 8288-8238,1
Carolina da Mota,Android 4.2,Eletricista de automóveis,0
Srta. Rebeca da Mota,6583668375543432,0900 396 0606,1
Sra. Isabelly Pinto,Android 8.1.0,Empresário,0
Gustavo Henrique Nogueira,4551286388579650963,(051) 3347 2157,1
João Vitor Silveira,Android 2.2.3,Revisor,0
Dr. João Costela,Android 4.1.1,Profissional de efeitos especiais,0
Vinicius Aragão,3583841106221134,+55 11 8470 5090,1
Dr. Fernando Ramos,378539759081137,+55 71 5484 4182,1
Ana Beatriz Barros,Android 4.2.2,Historiador,0
Bianca Araújo,4181567315820234,(031) 4617-0358,1
Felipe Carvalho,Android 2.2.2,Jóquei,0
Elisa Farias,180023647836836,21 6426 9078,1
Arthur da Mata,4999222031016269,11 9727 4860,1
Maria Luiza Monteiro,Android 5.0.2,Dogueiro,0
Gabrielly Barros,676289723303,(051) 7565-6930,1
Eduarda Freitas,4168298346256902,+55 31 2295-2386,1
João Vitor Porto,4408657365866281,+55 (061) 5450 8670,1
Ana Júlia Ribeiro,3507987254890700,(041) 6806-5988,1
Olivia Araújo,Android 3.2.2,Jogador de handebol,0
Leandro Duarte,4194196484957,(031) 0894 9197,1
Dr. Isaac Freitas,3511326694980876,0300-993-9378,1
Milena Castro,Android 3.2.2,Trompetista,0
Dr. Luiz Felipe da Luz,Android 4.3.1,Gerente de riscos em seguros,0
Alana Rodrigues,Android 10,Matemático,0
Sr. Pedro Miguel Peixoto,Android 3.2.1,Embalsamador,0
Rafael Melo,Android 4.0,Instrumentista musical,0
Isabella Silva,Android 4.3,Profissional de rádio e tv,0
Otávio da Costa,Android 4.4.1,Jogador de bocha,0
Pietro da Costa,Android 4.2,Profissional de cinema,0
Miguel Oliveira,Android 2.0.1,Teólogo,0
Enzo Gabriel Alves,Android 4.3.1,Empresário,0
Pedro Miguel Martins,4587765523464509734,51 4162 5408,1
Larissa Mendes,Android 6.0,Representante comercial,0
Vitória Carvalho,180072072241764,+55 (021) 8549 0650,1
Lara Silveira,Android 3.2.3,Engenheiro de produto ou produção,0
Manuela Lopes,3544362870570109,+55 (031) 4335-3380,1
Ana Júlia Pinto,Android 3.2.5,Cenógrafo,0
Dra. Kamilly Ramos,4872056386889,0800-315-7476,1
João Lucas Ramos,3572395814376287,11 2872 0893,1
Nina Martins,2299101074260508,(061) 4491 4324,1
Miguel Gomes,Android 9,Subprefeito,0
Sra. Manuela Campos,6011661910253205,84 4708 5305,1
Sr. Isaac Cardoso,503816806866,(071) 4454 0680,1
Srta. Ana Lima,6597691023200886,+55 41 5615-8292,1
Lucca da Rosa,Android 4.1.1,Armeiro,0
Heloísa Porto,2273022351764113,51 2538 0507,1
Davi Lucas Novaes,Android 2.3.4,Teólogo,0
Isadora Lima,Android 4.4.2,Viveirista,0
Ana Sophia Dias,Android 2.3.1,Geofísico,0
Sra. Bruna Porto,3511052440908595,31 0187-4478,1
Raul Campos,Android 2.2.1,Psicomotricista,0
Valentina Silva,3598029074843567,+55 (081) 9291-8806,1
Ana Clara Alves,4012128667659756245,(084) 3996 8385,1
Juliana Moraes,Android 4.4.3,Ferreiro,0
Davi Lucas Silva,4983346646725,0900 938 5765,1
Daniel Moraes,Android 1.6,Escrivão,0
Breno Monteiro,180078035165313,+55 11 3790-7620,1
Maria Alice Moura,Android 5.0,Massagista,0
Beatriz Lopes,Android 3.2.6,Profissional de comércio exterior,0
Lorena das Neves,180061823785138,(084) 7953-5136,1
Theo Nascimento,6544760095365192,+55 (011) 8277-9919,1
Manuela da Mata,Android 4.1.1,Jogador de futebol,0
Sra. Rebeca Vieira,3503324729034108,61 7307 8146,1
Dra. Esther Gomes,Android 7.1.1,Dermatologista,0
Isabella Fogaça,Android 7.1.1,Diretor de cinema,0
Luiz Otávio Cavalcanti,Android 8.0.0,Técnico em radiologia,0
Murilo Castro,3588400581186067,+55 84 0411-6393,1
João Pedro Barros,4494798318539952963,81 8910-5645,1
Vicente Melo,Android 7.0,Piloto de avião,0
Stella Lopes,Android 3.2.2,Vistoriador de sinistros,0
Giovanna Campos,Android 5.1.1,Quiropraxista,0
Caroline Pires,Android 4.0.3,Tesoureiro,0
Alice Moura,676310178881,21 5621 8000,1
Maria Sophia Gomes,2428197891179578,71 3760-6155,1
Caio Fernandes,30538322939052,0300-439-9797,1
Evelyn Barbosa,Android 3.1,Pneumologista,0
João Guilherme Jesus,Android 4.4.4,Químico,0
Maitê Barbosa,4075150973566,+55 51 2532 5554,1
Isabella Cavalcanti,Android 3.2.4,Dermatologista,0
Maria Eduarda da Luz,Android 5.1,Engenheiro de telecomunicações,0
Guilherme Viana,Android 2.3.7,Assessor de imprensa,0
Luigi Fogaça,Android 9,Cobrador de pedágio,0
Rafaela Nascimento,Android 4.1.2,Cineasta,0
Milena Rodrigues,Android 2.2.3,Empresário,0
Vitor Hugo Vieira,676311019332,84 0034-3110,1
Srta. Ana Beatriz Almeida,Android 2.2.2,Técnico em higiene dentária,0
Camila Carvalho,6011840015172730,+55 (061) 9752-6474,1
Fernanda Teixeira,Android 2.3,Pescador,0
Nina Freitas,Android 2.3.5,Cinegrafista,0
Felipe Monteiro,562483984976,+55 (081) 8985-3749,1
Eloah Freitas,213168587149566,11 6742-5181,1
Bryan Martins,Android 2.3.2,Alergologista,0
Dr. João Barbosa,Android 2.3.6,Quiropraxista,0
Lorena da Cunha,Android 2.3,Cancerologista ou Oncologista,0
Miguel Ramos,Android 2.2.3,Ortopedista,0
Sra. Milena Pires,4940368219763648057,(011) 1189 6869,1
Gabrielly da Cruz,4507469643027425,0800-032-0025,1
Paulo Araújo,3525801092137786,+55 (021) 8954-3904,1
Igor Caldeira,4829211577774544,+55 (021) 3486 0055,1
Benjamin Ribeiro,Android 8.1.0,Figurante,0
Ana Lívia Lopes,3500748055487949,31 4349-1633,1
Maitê Vieira,180024890186945,+55 21 9509-6346,1
Emilly Santos,Android 4.4,Preparador de máquinas,0
Dra. Isabella Ramos,Android 5.0.1,Engenheiro mecânico,0
Clarice Dias,4699111072399424,41 5843-7978,1
Luana Teixeira,Android 4.2.1,Profissional de linguística,0
Ana Clara da Luz,Android 4.3,Corretor de imóveis,0
João Vitor Vieira,Android 2.3.3,Técnico em aviação,0
Dr. Thiago Cardoso,Android 5.0.2,Açougueiro,0
Yago Aragão,4024328820402617,+55 (061) 8924-5400,1
Alexia Pires,Android 2.3.4,Físico,0
Daniela Gomes,5413807308872249,+55 (041) 2286 8851,1
Natália da Paz,Android 2.1,Programador,0
Benício Gonçalves,6011731780562355,51 2685 9103,1
Luiz Otávio da Mota,30214369977633,+55 (071) 4815-1614,1
Francisco Pires,Android 3.2.6,Operador de telemarketing,0
Diego Novaes,Android 6.0.1,Cerimonialista,0
Sr. Otávio Lopes,Android 7.1.2,Lancheiro,0
João Lucas Pereira,Android 4.0.1,Guarda roupeiro,0
Laura da Costa,5545123172017312,0500-646-8028,1
João Pedro Viana,Android 4.0.4,Mergulhador,0
Helena Oliveira,4937047354160989,+55 41 3728 2722,1
Gustavo Rezende,Android 4.2,Garçom,0
Ana Luiza Rodrigues,379236032472949,31 9917 9431,1
Rafael Rodrigues,Android 4.0.4,Serralheiro,0
Sr. Marcos Vinicius Barbosa,Android 2.3.6,Químico farmacêutico,0
Luana da Luz,Android 4.4.1,Juiz de futebol,0
Matheus Carvalho,374245504086991,+55 (071) 6573 3713,1
Vitor Hugo da Conceição,2416320126820832,+55 81 6773-5834,1
Brenda Correia,Android 1.5,Zelador,0
Sr. Marcelo Novaes,3531341683828040,+55 (021) 1327 6816,1
Gabrielly Araújo,3524732043682961,61 4744-6825,1
Isaac da Costa,3522448432926479,+55 (061) 7352-8371,1
Lucas Ribeiro,6011301705832083,+55 (081) 7318 8425,1
Cauê Moreira,Android 1.0,Despachante,0
Laura da Mata,Android 5.0,Neurocirurgião,0
Kevin Lima,2624145504504023,+55 81 7130 9972,1
Carolina Souza,Android 3.2.5,Sexólogo,0
Stephany Moraes,Android 4.4.1,Tecnólogo em silvicultura,0
Ana Beatriz Campos,3585476676525636,84 8874-4682,1
Luiz Miguel Pires,4523230031730222,+55 (031) 4978 1031,1
Vitor Barbosa,Android 5.1,Prático,0
Maria Clara Nascimento,Android 4.4.4,Armeiro,0
Miguel Sales,3502576248349215,+55 (021) 3751 5080,1
Luiz Otávio Araújo,4563233001625159,11 5658 0014,1
Maria Alice da Cruz,6511631690483129,0800 207 1967,1
Pedro Correia,4890103469463435860,0300-928-8896,1
Ana Pereira,Android 2.0.1,Luthier,0
Leandro Ferreira,3515550381959184,+55 84 3558-7193,1
Amanda Lopes,Android 4.4.2,Jogador de futebol,0
Kevin Cardoso,371757038663346,(061) 3040 7299,1
Srta. Stella Ramos,Android 7.0,Guarda roupeiro,0
João Felipe Jesus,Android 4.1.1,Corredor de atletismo,0
Sr. Henrique da Cruz,213168372629749,71 8401 7474,1
Ana Luiza Melo,Android 6.0,Catador de material reciclável,0
Luiz Henrique Moraes,Android 4.4.2,Ator,0
Dra. Lavínia Moura,Android 3.2,Tecnólogo em automação industrial,0
Maria Clara Nogueira,2296240381771188,(021) 1224-8510,1
Dra. Luna Cavalcanti,Android 4.1.1,Auxiliar de reprografia,0
Laís Nogueira,Android 4.3.1,Jogador de vôlei,0
Thomas Farias,6011330474068520,0800-310-9133,1
Dr. Joaquim Costa,Android 4.0.4,Gerente de inovações ou novos negócios,0
Sr. Bernardo Campos,6576742302869944,+55 (031) 1790 8158,1
Sra. Isis da Cunha,639091041520,+55 41 4674-3547,1
Lucas Lima,5254800806799529,+55 (061) 9498 5779,1
Marcela Costela,Android 5.0,Lutador de jiu-jitsu,0
Guilherme Cavalcanti,Android 2.3.3,Guitarrista,0
Vitor Hugo Araújo,Android 3.0,Cientista político,0
Luna Farias,4707956062332490,(081) 1745 0555,1
Sr. Marcos Vinicius Nascimento,Android 3.2.1,Biotecnólogo,0
João Lucas Pinto,371867109593544,81 7252-6186,1
Maria Luiza Araújo,4865236959245,81 2463-3551,1
Francisco Souza,Android 4.0.1,Cabo,0
Raul Costa,4452654538816637,+55 (051) 0661-8876,1
João Lucas Lopes,3533773817061064,+55 11 5818 0361,1
Bernardo Campos,503829563256,+55 31 8500 1390,1
Bárbara Monteiro,4843634028003715897,+55 (061) 3011-4808,1
Srta. Maitê Barros,4199571341213990529,21 2367 7013,1
Gabriel da Mata,4078906735403807,0800 013 8573,1
Leonardo da Rosa,630414556740,21 4959 7202,1
Luiz Miguel Rezende,5398681584812859,+55 (051) 5495 8084,1
Ana Clara Gonçalves,Android 4.0.3,Apresentador,0
Sr. Luiz Gustavo Souza,Android 2.3.6,Militar da Marinha,0
Sra. Stephany da Mata,Android 9,Otorrinolaringologista,0
Eduarda Cardoso,676145101066,+55 61 5886-0568,1
Fernando Freitas,Android 5.0.2,Nutrologista,0
Daniela Nascimento,4434975779824904,+55 (041) 0590 8970,1
Stella da Mota,6509215396770619,0300 002 4945,1
João Gabriel Gomes,180078323561645,61 8199-5409,1
Elisa Farias,213177744621425,0300 748 1158,1
Marcelo Moreira,378111944838126,71 3568 6977,1
Maria Viana,4483682981449517705,81 3800 0539,1
Enrico da Mota,30455646008011,+55 (021) 6433-3270,1
Bruna Cardoso,Android 1.1,Pizzaiolo,0
Cecília Moreira,4608644061691967129,0900 294 9946,1
João Guilherme Araújo,501815566002,84 0993 9598,1
Sabrina Sales,Android 4.0,Guincheiro,0
Marcelo das Neves,Android 4.1.2,Perfusionista,0
Leandro Costela,3568001406166401,84 6589 2814,1
Marcelo Souza,30532575168659,84 7391-1423,1
Cauã Pinto,30336614023523,+55 (061) 7252-2200,1
Dr. Gustavo Cunha,4067759402234200778,71 3684-7997,1
Stella Gonçalves,Android 2.0.1,Impressor,0
Giovanna Fernandes,4963930292334633,41 8922-6316,1
Cauê Ribeiro,4808713880443,(021) 2889-2109,1
Rafaela Monteiro,5173341877730802,(051) 5924 7141,1
Cauê Lima,676313549161,(061) 9490 5052,1
Ana Alves,Android 3.2.6,Gestor de tecnologia da informação,0
Lorenzo Oliveira,Android 6.0,Panificador/Padeiro,0
Davi Dias,Android 2.0,Lutador de kung fu,0
Sra. Isadora Cardoso,Android 6.0.1,Engenheiro metalúrgico,0
Luiz Felipe Nogueira,Android 4.3.1,Atleta de canoagem,0
Evelyn Farias,4306858269067573478,+55 (061) 0712 1529,1
Lara da Luz,3579571343743568,+55 71 6417-4349,1
Vinicius Silva,Android 3.2.2,Clarinetista,0
Caroline Barbosa,Android 2.2.1,Orientador educacional,0
André Moraes,3579092689354894,41 7062 5384,1
Luna da Paz,Android 2.3.5,Terapeuta floral,0
Ana Clara Rezende,Android 3.2.3,Encarregado de manutenção predial,0
Sarah Costela,Android 4.0.4,Afiador de ferramentas,0
Alana Castro,3539637874777538,71 6710-5043,1
Catarina Moura,4018769381891201,+55 81 2454-7909,1
Kaique Cavalcanti,Android 2.1,Psicomotricista,0
Sr. Pedro Henrique Costa,Android 8.1.0,Maestro,0
Luiza da Mota,5456682963028355,(031) 2225 8381,1
Ana Clara Nascimento,Android 2.0.1,Diagramador,0
Stella da Cruz,6011375020077137,+55 84 8852 1881,1
Isis Gonçalves,Android 3.0,Publicitário,0
Otávio da Cunha,Android 2.3.5,Promotor de eventos,0
Luiz Fernando das Neves,180020826801102,+55 51 4691 7693,1
Sr. João Felipe Fernandes,676272511905,+55 (051) 6008 6066,1
Dr. Nathan da Costa,Android 3.2,Operador de bombas,0
Srta. Lívia Ferreira,3585944963881400,+55 (084) 2569-6275,1
Levi da Mata,Android 8.0.0,Engenheiro de transportes,0
Heitor Freitas,180012648335732,+55 11 5944-2115,1
Ana Beatriz Porto,6011086493716842,+55 (081) 6377 8351,1
Dra. Kamilly Campos,Android 2.3.2,Maquinista,0
Ana Vitória Gomes,3552991118357066,61 5930 3702,1
Igor Vieira,Android 4.4.2,Pianista,0
Stella Almeida,Android 2.3.2,Massagista,0
Camila Ferreira,4783562072907,+55 11 5616-3592,1
Joana Cardoso,Android 1.5,Lancheiro,0
Sra. Elisa Castro,Android 3.2.6,Reumatologista,0
Natália Oliveira,Android 4.0.1,Programador,0
Vitória da Paz,Android 7.1.1,Argumentista,0
Renan Nunes,3576987116926052,+55 (051) 7312-6667,1
Noah Novaes,4408847652277298,81 8456 8955,1
Vitória Pinto,4888744530549736735,0300 086 4009,1
Alice Barbosa,Android 4.4.3,Seringueiro,0
Srta. Ana Clara da Conceição,3570877770816937,51 7168 1124,1
Srta. Marina Pereira,676200382452,+55 61 0935-9973,1
Srta. Rafaela Pinto,Android 2.3.2,Sargento,0
Alexia Costela,6588387410375404,+55 (021) 4747 9273,1
Dr. Leonardo Costa,Android 10,Catador de carangueijos,0
Diego Vieira,Android 7.1,Cientista,0
Milena Oliveira,Android 3.1,Corregedor de justiça,0
Luiza Duarte,Android 2.2.2,Pedagogo,0
Isabelly Moreira,213125407312238,(071) 4327 4238,1
Vitor Hugo Fernandes,180085537608260,51 6625 4655,1
Dra. Ana Júlia Moreira,Android 2.2.1,Brigadeiro,0
Enzo Gabriel Vieira,4648403011773872,+55 (051) 2613-7062,1
Luiza Porto,Android 1.0,Sapateiro,0
André Monteiro,346950832617566,0500-557-1190,1
Cauê da Rosa,Android 4.0.4,Bailarina,0
Isadora da Cruz,3560124805196569,11 5691-0271,1
Benjamin Gomes,Android 7.1,Apicultor,0
Srta. Sarah Mendes,3558739621260283,(071) 9614-5495,1
Srta. Lavínia Dias,6011743605059210,+55 (061) 0640 6309,1
Srta. Joana Silva,2276139845053494,41 1689-7848,1
Sra. Catarina Vieira,3542944777955558,+55 (084) 9807 9794,1
Bernardo Castro,Android 3.1,Perito criminal,0
Helena Almeida,2295591628111286,41 4577-5196,1
Enzo Gabriel Aragão,6500627849181641,(051) 7840 6156,1
Gabrielly da Cunha,180022558844045,+55 (051) 6128-1259,1
Stella Araújo,4907142878366588,+55 71 4365 5104,1
